﻿Event Index,UTC Timestamp,UTC Date,Local Timestamp,Local Timezone,Local Date,Experiment ID,Experiment Version,Tree Node Key,Repeat Key,Schedule ID,Participant Public ID,Participant Private ID,Participant Starting Group,Participant Status,Participant Completion Code,Participant External Session ID,Participant Device Type,Participant Device,Participant OS,Participant Browser,Participant Monitor Size,Participant Viewport Size,Checkpoint,Task Name,Task Version,branch-l5qr,checkpoint-yh8g,checkpoint-32xf,checkpoint-r79k,checkpoint-vhwm,randomiser-a34a,Question Key,Response
1,1569663881416,28/09/2019 09:44:41,1569663881505,1,28/09/2019 10:44:41,9714,12,questionnaire-hbms,,3120023,m3cyicga,862433,,complete,,,computer,Desktop or Laptop,Windows 10,Chrome 77.0.3865.90,1920x1080,1920x969,Finished phase 1,Holiday destinations sequence instructions,2,,,,,Finished phase 1,Holiday destinations,BEGIN QUESTIONNAIRE,
2,1569663884903,28/09/2019 09:44:44,1569663885029,1,28/09/2019 10:44:45,9714,12,questionnaire-hbms,,3120023,m3cyicga,862433,,complete,,,computer,Desktop or Laptop,Windows 10,Chrome 77.0.3865.90,1920x1080,1920x969,Finished phase 1,Holiday destinations sequence instructions,2,,,,,Finished phase 1,Holiday destinations,END QUESTIONNAIRE,3524
1,1569664057964,28/09/2019 09:47:37,1569664058067,1,28/09/2019 10:47:38,9714,12,questionnaire-hbms,,3120036,npgutoqg,862437,,complete,,,computer,Desktop or Laptop,Windows 10,Chrome 77.0.3865.90,1920x1080,1920x969,Finished phase 1,Holiday destinations sequence instructions,2,,,,,Finished phase 1,Holiday destinations,BEGIN QUESTIONNAIRE,
2,1569664059432,28/09/2019 09:47:39,1569664059578,1,28/09/2019 10:47:39,9714,12,questionnaire-hbms,,3120036,npgutoqg,862437,,complete,,,computer,Desktop or Laptop,Windows 10,Chrome 77.0.3865.90,1920x1080,1920x969,Finished phase 1,Holiday destinations sequence instructions,2,,,,,Finished phase 1,Holiday destinations,END QUESTIONNAIRE,1511
1,1569664074956,28/09/2019 09:47:54,1569664075044,1,28/09/2019 10:47:55,9714,12,questionnaire-hbms,,3120039,thfz7fp5,862441,,complete,,,computer,Desktop or Laptop,Windows 10,Chrome 77.0.3865.90,1920x1080,1920x921,Finished phase 1,Holiday destinations sequence instructions,2,,,,,Finished phase 1,Holiday destinations,BEGIN QUESTIONNAIRE,
2,1569664081177,28/09/2019 09:48:01,1569664081340,1,28/09/2019 10:48:01,9714,12,questionnaire-hbms,,3120039,thfz7fp5,862441,,complete,,,computer,Desktop or Laptop,Windows 10,Chrome 77.0.3865.90,1920x1080,1920x921,Finished phase 1,Holiday destinations sequence instructions,2,,,,,Finished phase 1,Holiday destinations,END QUESTIONNAIRE,6296
1,1569664514869,28/09/2019 09:55:14,1569664515067,1,28/09/2019 10:55:15,9714,12,questionnaire-hbms,,3120083,rxrcyjnl,862445,,complete,,,computer,Desktop or Laptop,Windows 10,Chrome 77.0.3865.90,1920x1080,1920x969,Finished phase 1,Holiday destinations sequence instructions,2,,,,,Finished phase 1,Holiday destinations,BEGIN QUESTIONNAIRE,
2,1569664519565,28/09/2019 09:55:19,1569664519811,1,28/09/2019 10:55:19,9714,12,questionnaire-hbms,,3120083,rxrcyjnl,862445,,complete,,,computer,Desktop or Laptop,Windows 10,Chrome 77.0.3865.90,1920x1080,1920x969,Finished phase 1,Holiday destinations sequence instructions,2,,,,,Finished phase 1,Holiday destinations,END QUESTIONNAIRE,4744
1,1569664740456,28/09/2019 09:59:00,1569664740523,1,28/09/2019 10:59:00,9714,12,questionnaire-hbms,,3120104,jut76yv6,862447,,complete,,,computer,Desktop or Laptop,Windows 10,Chrome 77.0.3865.90,1920x1080,1920x969,Finished phase 1,Holiday destinations sequence instructions,2,,,,,Finished phase 1,Holiday destinations,BEGIN QUESTIONNAIRE,
2,1569664755115,28/09/2019 09:59:15,1569664755211,1,28/09/2019 10:59:15,9714,12,questionnaire-hbms,,3120104,jut76yv6,862447,,complete,,,computer,Desktop or Laptop,Windows 10,Chrome 77.0.3865.90,1920x1080,1920x969,Finished phase 1,Holiday destinations sequence instructions,2,,,,,Finished phase 1,Holiday destinations,END QUESTIONNAIRE,14688
1,1569665842181,28/09/2019 10:17:22,1569665842246,1,28/09/2019 11:17:22,9714,12,questionnaire-hbms,,3120149,yak7wo72,862463,,complete,,,computer,Desktop or Laptop,Windows 10,Edge 18.18362,1920x1080,1920x967,Finished phase 1,Holiday destinations sequence instructions,2,,,,,Finished phase 1,Holiday destinations,BEGIN QUESTIONNAIRE,
2,1569665850970,28/09/2019 10:17:30,1569665851113,1,28/09/2019 11:17:31,9714,12,questionnaire-hbms,,3120149,yak7wo72,862463,,complete,,,computer,Desktop or Laptop,Windows 10,Edge 18.18362,1920x1080,1920x967,Finished phase 1,Holiday destinations sequence instructions,2,,,,,Finished phase 1,Holiday destinations,END QUESTIONNAIRE,8867
1,1569665906587,28/09/2019 10:18:26,1569665906624,1,28/09/2019 11:18:26,9714,12,questionnaire-hbms,,3120155,nvixocha,862462,,complete,,,computer,Desktop or Laptop,Windows 10,Chrome 77.0.3865.90,1920x1080,1920x969,Finished phase 1,Holiday destinations sequence instructions,2,,,,,Finished phase 1,Holiday destinations,BEGIN QUESTIONNAIRE,
2,1569665922831,28/09/2019 10:18:42,1569665922910,1,28/09/2019 11:18:42,9714,12,questionnaire-hbms,,3120155,nvixocha,862462,,complete,,,computer,Desktop or Laptop,Windows 10,Chrome 77.0.3865.90,1920x1080,1920x969,Finished phase 1,Holiday destinations sequence instructions,2,,,,,Finished phase 1,Holiday destinations,END QUESTIONNAIRE,16287
1,1569667101742,28/09/2019 10:38:21,1569667101848,1,28/09/2019 11:38:21,9714,12,questionnaire-hbms,,3120224,y0l0fxmq,862473,,complete,,,computer,Desktop or Laptop,Windows 10,Chrome 77.0.3865.90,1920x1080,1920x969,Finished phase 1,Holiday destinations sequence instructions,2,,,,,Finished phase 1,Holiday destinations,BEGIN QUESTIONNAIRE,
2,1569667103932,28/09/2019 10:38:23,1569667104093,1,28/09/2019 11:38:24,9714,12,questionnaire-hbms,,3120224,y0l0fxmq,862473,,complete,,,computer,Desktop or Laptop,Windows 10,Chrome 77.0.3865.90,1920x1080,1920x969,Finished phase 1,Holiday destinations sequence instructions,2,,,,,Finished phase 1,Holiday destinations,END QUESTIONNAIRE,2245
1,1569668478972,28/09/2019 11:01:18,1569668479298,1,28/09/2019 12:01:19,9714,12,questionnaire-hbms,,3120322,1ln3om7z,862498,,complete,,,computer,Desktop or Laptop,Windows 10,Chrome 77.0.3865.90,1920x1080,1920x969,Finished phase 1,Holiday destinations sequence instructions,2,,,,,Finished phase 1,Holiday destinations,BEGIN QUESTIONNAIRE,
2,1569668488521,28/09/2019 11:01:28,1569668488887,1,28/09/2019 12:01:28,9714,12,questionnaire-hbms,,3120322,1ln3om7z,862498,,complete,,,computer,Desktop or Laptop,Windows 10,Chrome 77.0.3865.90,1920x1080,1920x969,Finished phase 1,Holiday destinations sequence instructions,2,,,,,Finished phase 1,Holiday destinations,END QUESTIONNAIRE,9589
1,1569668664910,28/09/2019 11:04:24,1569668665051,1,28/09/2019 12:04:25,9714,12,questionnaire-hbms,,3120346,nehn2hxm,862497,,complete,,,computer,Desktop or Laptop,Windows 10,Chrome 77.0.3865.90,1920x1080,1920x969,Finished phase 1,Holiday destinations sequence instructions,2,,,,,Finished phase 1,Holiday destinations,BEGIN QUESTIONNAIRE,
2,1569668694111,28/09/2019 11:04:54,1569668694310,1,28/09/2019 12:04:54,9714,12,questionnaire-hbms,,3120346,nehn2hxm,862497,,complete,,,computer,Desktop or Laptop,Windows 10,Chrome 77.0.3865.90,1920x1080,1920x969,Finished phase 1,Holiday destinations sequence instructions,2,,,,,Finished phase 1,Holiday destinations,END QUESTIONNAIRE,29260
1,1569668933149,28/09/2019 11:08:53,1569668933263,1,28/09/2019 12:08:53,9714,12,questionnaire-hbms,,3120365,7j1b3j7a,862504,,complete,,,computer,Desktop or Laptop,Windows 10,Chrome 77.0.3865.90,1920x1080,1920x969,Finished phase 1,Holiday destinations sequence instructions,2,,,,,Finished phase 1,Holiday destinations,BEGIN QUESTIONNAIRE,
2,1569668936852,28/09/2019 11:08:56,1569668937021,1,28/09/2019 12:08:57,9714,12,questionnaire-hbms,,3120365,7j1b3j7a,862504,,complete,,,computer,Desktop or Laptop,Windows 10,Chrome 77.0.3865.90,1920x1080,1920x969,Finished phase 1,Holiday destinations sequence instructions,2,,,,,Finished phase 1,Holiday destinations,END QUESTIONNAIRE,3758
1,1569669315536,28/09/2019 11:15:15,1569669315295,1,28/09/2019 12:15:15,9714,12,questionnaire-hbms,,3120386,n2aidr4t,862511,,complete,,,computer,Desktop or Laptop,Windows 10,Edge 18.18362,1920x1080,1920x967,Finished phase 1,Holiday destinations sequence instructions,2,,,,,Finished phase 1,Holiday destinations,BEGIN QUESTIONNAIRE,
2,1569669333751,28/09/2019 11:15:33,1569669333573,1,28/09/2019 12:15:33,9714,12,questionnaire-hbms,,3120386,n2aidr4t,862511,,complete,,,computer,Desktop or Laptop,Windows 10,Edge 18.18362,1920x1080,1920x967,Finished phase 1,Holiday destinations sequence instructions,2,,,,,Finished phase 1,Holiday destinations,END QUESTIONNAIRE,18278
1,1569669390977,28/09/2019 11:16:30,1569669391071,1,28/09/2019 12:16:31,9714,12,questionnaire-hbms,,3120392,p5rhrcrf,862515,,complete,,,computer,Desktop or Laptop,Windows 10,Chrome 77.0.3865.90,1920x1080,1920x969,Finished phase 1,Holiday destinations sequence instructions,2,,,,,Finished phase 1,Holiday destinations,BEGIN QUESTIONNAIRE,
2,1569669406765,28/09/2019 11:16:46,1569669406928,1,28/09/2019 12:16:46,9714,12,questionnaire-hbms,,3120392,p5rhrcrf,862515,,complete,,,computer,Desktop or Laptop,Windows 10,Chrome 77.0.3865.90,1920x1080,1920x969,Finished phase 1,Holiday destinations sequence instructions,2,,,,,Finished phase 1,Holiday destinations,END QUESTIONNAIRE,15857
1,1569673818422,28/09/2019 12:30:18,1569673818414,1,28/09/2019 13:30:18,9714,12,questionnaire-hbms,,3120592,toj80a34,862558,,complete,,,computer,Desktop or Laptop,Windows 10,Chrome 77.0.3865.90,1920x1080,1920x969,Finished phase 1,Holiday destinations sequence instructions,2,,,,,Finished phase 1,Holiday destinations,BEGIN QUESTIONNAIRE,
2,1569673838571,28/09/2019 12:30:38,1569673838624,1,28/09/2019 13:30:38,9714,12,questionnaire-hbms,,3120592,toj80a34,862558,,complete,,,computer,Desktop or Laptop,Windows 10,Chrome 77.0.3865.90,1920x1080,1920x969,Finished phase 1,Holiday destinations sequence instructions,2,,,,,Finished phase 1,Holiday destinations,END QUESTIONNAIRE,20211
1,1569674495348,28/09/2019 12:41:35,1569674495155,1,28/09/2019 13:41:35,9714,12,questionnaire-hbms,,3120652,q7sj0vh2,862571,,complete,,,computer,Desktop or Laptop,Windows 10,Chrome 77.0.3865.90,1920x1080,1920x969,Finished phase 1,Holiday destinations sequence instructions,2,,,,,Finished phase 1,Holiday destinations,BEGIN QUESTIONNAIRE,
2,1569674517255,28/09/2019 12:41:57,1569674517115,1,28/09/2019 13:41:57,9714,12,questionnaire-hbms,,3120652,q7sj0vh2,862571,,complete,,,computer,Desktop or Laptop,Windows 10,Chrome 77.0.3865.90,1920x1080,1920x969,Finished phase 1,Holiday destinations sequence instructions,2,,,,,Finished phase 1,Holiday destinations,END QUESTIONNAIRE,21960
1,1569675048108,28/09/2019 12:50:48,1569675048064,1,28/09/2019 13:50:48,9714,12,questionnaire-hbms,,3120709,1z86ralx,862578,,complete,,,computer,Desktop or Laptop,Windows 10,Chrome 77.0.3865.90,1920x1080,1920x969,Finished phase 1,Holiday destinations sequence instructions,2,,,,,Finished phase 1,Holiday destinations,BEGIN QUESTIONNAIRE,
2,1569675055285,28/09/2019 12:50:55,1569675055301,1,28/09/2019 13:50:55,9714,12,questionnaire-hbms,,3120709,1z86ralx,862578,,complete,,,computer,Desktop or Laptop,Windows 10,Chrome 77.0.3865.90,1920x1080,1920x969,Finished phase 1,Holiday destinations sequence instructions,2,,,,,Finished phase 1,Holiday destinations,END QUESTIONNAIRE,7237
1,1569675219412,28/09/2019 12:53:39,1569675219332,1,28/09/2019 13:53:39,9714,12,questionnaire-hbms,,3120721,l6osk22h,862583,,complete,,,computer,Desktop or Laptop,Windows 10,Edge 18.18362,1920x1080,1920x967,Finished phase 1,Holiday destinations sequence instructions,2,,,,,Finished phase 1,Holiday destinations,BEGIN QUESTIONNAIRE,
2,1569675257810,28/09/2019 12:54:17,1569675257760,1,28/09/2019 13:54:17,9714,12,questionnaire-hbms,,3120721,l6osk22h,862583,,complete,,,computer,Desktop or Laptop,Windows 10,Edge 18.18362,1920x1080,1920x967,Finished phase 1,Holiday destinations sequence instructions,2,,,,,Finished phase 1,Holiday destinations,END QUESTIONNAIRE,38428
1,1569675622882,28/09/2019 13:00:22,1569675622820,1,28/09/2019 14:00:22,9714,12,questionnaire-hbms,,3120767,g2b9ket6,862596,,complete,,,computer,Desktop or Laptop,Windows 10,Chrome 77.0.3865.90,1920x1080,1920x969,Finished phase 1,Holiday destinations sequence instructions,2,,,,,Finished phase 1,Holiday destinations,BEGIN QUESTIONNAIRE,
2,1569675625445,28/09/2019 13:00:25,1569675625412,1,28/09/2019 14:00:25,9714,12,questionnaire-hbms,,3120767,g2b9ket6,862596,,complete,,,computer,Desktop or Laptop,Windows 10,Chrome 77.0.3865.90,1920x1080,1920x969,Finished phase 1,Holiday destinations sequence instructions,2,,,,,Finished phase 1,Holiday destinations,END QUESTIONNAIRE,2592
1,1569675870972,28/09/2019 13:04:30,1569675870879,1,28/09/2019 14:04:30,9714,12,questionnaire-hbms,,3120791,w6bbdieu,862592,,complete,,,computer,Desktop or Laptop,Windows 10,Edge 18.18362,1920x1080,1200x859,Finished phase 1,Holiday destinations sequence instructions,2,,,,,Finished phase 1,Holiday destinations,BEGIN QUESTIONNAIRE,
2,1569675888473,28/09/2019 13:04:48,1569675888362,1,28/09/2019 14:04:48,9714,12,questionnaire-hbms,,3120791,w6bbdieu,862592,,complete,,,computer,Desktop or Laptop,Windows 10,Edge 18.18362,1920x1080,1200x859,Finished phase 1,Holiday destinations sequence instructions,2,,,,,Finished phase 1,Holiday destinations,END QUESTIONNAIRE,17483
1,1569676744218,28/09/2019 13:19:04,1569676744134,1,28/09/2019 14:19:04,9714,12,questionnaire-hbms,,3120897,0k3gbsws,862615,,complete,,,computer,Desktop or Laptop,Windows 10,Chrome 77.0.3865.90,1920x1080,1920x921,Finished phase 1,Holiday destinations sequence instructions,2,,,,,Finished phase 1,Holiday destinations,BEGIN QUESTIONNAIRE,
2,1569676746405,28/09/2019 13:19:06,1569676746339,1,28/09/2019 14:19:06,9714,12,questionnaire-hbms,,3120897,0k3gbsws,862615,,complete,,,computer,Desktop or Laptop,Windows 10,Chrome 77.0.3865.90,1920x1080,1920x921,Finished phase 1,Holiday destinations sequence instructions,2,,,,,Finished phase 1,Holiday destinations,END QUESTIONNAIRE,2205
1,1569678598366,28/09/2019 13:49:58,1569678598232,1,28/09/2019 14:49:58,9714,12,questionnaire-hbms,,3120994,3856850j,862643,,complete,,,computer,Desktop or Laptop,Windows 10,Chrome 77.0.3865.90,1920x1080,1920x969,Finished phase 1,Holiday destinations sequence instructions,2,,,,,Finished phase 1,Holiday destinations,BEGIN QUESTIONNAIRE,
2,1569678614164,28/09/2019 13:50:14,1569678614066,1,28/09/2019 14:50:14,9714,12,questionnaire-hbms,,3120994,3856850j,862643,,complete,,,computer,Desktop or Laptop,Windows 10,Chrome 77.0.3865.90,1920x1080,1920x969,Finished phase 1,Holiday destinations sequence instructions,2,,,,,Finished phase 1,Holiday destinations,END QUESTIONNAIRE,15834
1,1569679023639,28/09/2019 13:57:03,1569679023557,1,28/09/2019 14:57:03,9714,12,questionnaire-hbms,,3121014,oyccdqcy,862642,,complete,,,computer,Desktop or Laptop,Windows 10,Chrome 77.0.3865.90,1920x1080,1920x969,Finished phase 1,Holiday destinations sequence instructions,2,,,,,Finished phase 1,Holiday destinations,BEGIN QUESTIONNAIRE,
2,1569679030533,28/09/2019 13:57:10,1569679030514,1,28/09/2019 14:57:10,9714,12,questionnaire-hbms,,3121014,oyccdqcy,862642,,complete,,,computer,Desktop or Laptop,Windows 10,Chrome 77.0.3865.90,1920x1080,1920x969,Finished phase 1,Holiday destinations sequence instructions,2,,,,,Finished phase 1,Holiday destinations,END QUESTIONNAIRE,6958
1,1569679739695,28/09/2019 14:08:59,1569679739327,1,28/09/2019 15:08:59,9714,12,questionnaire-hbms,,3121059,35v2e3i2,862657,,complete,,,computer,Desktop or Laptop,Windows 10,Chrome 77.0.3865.90,1920x1080,1920x969,Finished phase 1,Holiday destinations sequence instructions,2,,,,,Finished phase 1,Holiday destinations,BEGIN QUESTIONNAIRE,
2,1569679742659,28/09/2019 14:09:02,1569679742330,1,28/09/2019 15:09:02,9714,12,questionnaire-hbms,,3121059,35v2e3i2,862657,,complete,,,computer,Desktop or Laptop,Windows 10,Chrome 77.0.3865.90,1920x1080,1920x969,Finished phase 1,Holiday destinations sequence instructions,2,,,,,Finished phase 1,Holiday destinations,END QUESTIONNAIRE,3003
1,1569679851035,28/09/2019 14:10:51,1569679850907,1,28/09/2019 15:10:50,9714,12,questionnaire-hbms,,3121063,ecn2i4fx,862655,,complete,,,computer,Desktop or Laptop,Windows 10,Chrome 77.0.3865.90,1920x1080,1920x969,Finished phase 1,Holiday destinations sequence instructions,2,,,,,Finished phase 1,Holiday destinations,BEGIN QUESTIONNAIRE,
2,1569679854307,28/09/2019 14:10:54,1569679854245,1,28/09/2019 15:10:54,9714,12,questionnaire-hbms,,3121063,ecn2i4fx,862655,,complete,,,computer,Desktop or Laptop,Windows 10,Chrome 77.0.3865.90,1920x1080,1920x969,Finished phase 1,Holiday destinations sequence instructions,2,,,,,Finished phase 1,Holiday destinations,END QUESTIONNAIRE,3338
1,1569680879228,28/09/2019 14:27:59,1569680878932,1,28/09/2019 15:27:58,9714,12,questionnaire-hbms,,3121103,dkcjud9b,862669,,complete,,,computer,Desktop or Laptop,Windows 10,Chrome 77.0.3865.90,1920x1080,1920x969,Finished phase 1,Holiday destinations sequence instructions,2,,,,,Finished phase 1,Holiday destinations,BEGIN QUESTIONNAIRE,
2,1569680884822,28/09/2019 14:28:04,1569680884572,1,28/09/2019 15:28:04,9714,12,questionnaire-hbms,,3121103,dkcjud9b,862669,,complete,,,computer,Desktop or Laptop,Windows 10,Chrome 77.0.3865.90,1920x1080,1920x969,Finished phase 1,Holiday destinations sequence instructions,2,,,,,Finished phase 1,Holiday destinations,END QUESTIONNAIRE,5640
1,1569680968970,28/09/2019 14:29:28,1569680968356,1,28/09/2019 15:29:28,9714,12,questionnaire-hbms,,3121106,dmjn8puu,862667,,complete,,,computer,Desktop or Laptop,Windows 10,Chrome 77.0.3865.90,1920x1080,1920x969,Finished phase 1,Holiday destinations sequence instructions,2,,,,,Finished phase 1,Holiday destinations,BEGIN QUESTIONNAIRE,
2,1569680976879,28/09/2019 14:29:36,1569680976087,1,28/09/2019 15:29:36,9714,12,questionnaire-hbms,,3121106,dmjn8puu,862667,,complete,,,computer,Desktop or Laptop,Windows 10,Chrome 77.0.3865.90,1920x1080,1920x969,Finished phase 1,Holiday destinations sequence instructions,2,,,,,Finished phase 1,Holiday destinations,END QUESTIONNAIRE,7732
1,1571480902225,19/10/2019 10:28:22,1571480902457,1,19/10/2019 11:28:22,9714,12,questionnaire-hbms,,3205184,6xdwfj5h,891066,,complete,,,computer,Desktop or Laptop,Windows 10,Edge 18.18362,1920x1080,1920x967,Finished phase 1,Holiday destinations sequence instructions,2,,,,,Finished phase 1,Holiday destinations,BEGIN QUESTIONNAIRE,
2,1571480916241,19/10/2019 10:28:36,1571480916578,1,19/10/2019 11:28:36,9714,12,questionnaire-hbms,,3205184,6xdwfj5h,891066,,complete,,,computer,Desktop or Laptop,Windows 10,Edge 18.18362,1920x1080,1920x967,Finished phase 1,Holiday destinations sequence instructions,2,,,,,Finished phase 1,Holiday destinations,END QUESTIONNAIRE,14121
1,1571481102662,19/10/2019 10:31:42,1571481101540,1,19/10/2019 11:31:41,9714,12,questionnaire-hbms,,3205186,0y8yz3o4,891068,,complete,,,computer,Desktop or Laptop,Windows 10,Edge 18.18362,1920x1080,1920x967,Finished phase 1,Holiday destinations sequence instructions,2,,,,,Finished phase 1,Holiday destinations,BEGIN QUESTIONNAIRE,
2,1571481104599,19/10/2019 10:31:44,1571481103519,1,19/10/2019 11:31:43,9714,12,questionnaire-hbms,,3205186,0y8yz3o4,891068,,complete,,,computer,Desktop or Laptop,Windows 10,Edge 18.18362,1920x1080,1920x967,Finished phase 1,Holiday destinations sequence instructions,2,,,,,Finished phase 1,Holiday destinations,END QUESTIONNAIRE,1979
1,1571482229404,19/10/2019 10:50:29,1571482228120,1,19/10/2019 11:50:28,9714,12,questionnaire-hbms,,3205219,1k6xqn2p,891073,,complete,,,computer,Desktop or Laptop,Windows 10,Chrome 77.0.3865.120,1920x1080,1920x969,Finished phase 1,Holiday destinations sequence instructions,2,,,,,Finished phase 1,Holiday destinations,BEGIN QUESTIONNAIRE,
2,1571482235547,19/10/2019 10:50:35,1571482234317,1,19/10/2019 11:50:34,9714,12,questionnaire-hbms,,3205219,1k6xqn2p,891073,,complete,,,computer,Desktop or Laptop,Windows 10,Chrome 77.0.3865.120,1920x1080,1920x969,Finished phase 1,Holiday destinations sequence instructions,2,,,,,Finished phase 1,Holiday destinations,END QUESTIONNAIRE,6197
1,1571482751580,19/10/2019 10:59:11,1571482750038,1,19/10/2019 11:59:10,9714,12,questionnaire-hbms,,3205232,lzzcus1z,891078,,complete,,,computer,Desktop or Laptop,Windows 10,Edge 18.18362,1920x1080,1920x967,Finished phase 1,Holiday destinations sequence instructions,2,,,,,Finished phase 1,Holiday destinations,BEGIN QUESTIONNAIRE,
2,1571482755771,19/10/2019 10:59:15,1571482754292,1,19/10/2019 11:59:14,9714,12,questionnaire-hbms,,3205232,lzzcus1z,891078,,complete,,,computer,Desktop or Laptop,Windows 10,Edge 18.18362,1920x1080,1920x967,Finished phase 1,Holiday destinations sequence instructions,2,,,,,Finished phase 1,Holiday destinations,END QUESTIONNAIRE,4254
1,1571483454729,19/10/2019 11:10:54,1571483453570,1,19/10/2019 12:10:53,9714,12,questionnaire-hbms,,3205257,gnbsmulm,891090,,complete,,,computer,Desktop or Laptop,Windows 10,Chrome 77.0.3865.120,1920x1080,1920x969,Finished phase 1,Holiday destinations sequence instructions,2,,,,,Finished phase 1,Holiday destinations,BEGIN QUESTIONNAIRE,
2,1571483457385,19/10/2019 11:10:57,1571483456269,1,19/10/2019 12:10:56,9714,12,questionnaire-hbms,,3205257,gnbsmulm,891090,,complete,,,computer,Desktop or Laptop,Windows 10,Chrome 77.0.3865.120,1920x1080,1920x969,Finished phase 1,Holiday destinations sequence instructions,2,,,,,Finished phase 1,Holiday destinations,END QUESTIONNAIRE,2700
1,1571483539398,19/10/2019 11:12:19,1571483538220,1,19/10/2019 12:12:18,9714,12,questionnaire-hbms,,3205261,8zafqija,891088,,complete,,,computer,Desktop or Laptop,Windows 10,Edge 18.18362,1920x1080,1920x967,Finished phase 1,Holiday destinations sequence instructions,2,,,,,Finished phase 1,Holiday destinations,BEGIN QUESTIONNAIRE,
2,1571483556968,19/10/2019 11:12:36,1571483555883,1,19/10/2019 12:12:35,9714,12,questionnaire-hbms,,3205261,8zafqija,891088,,complete,,,computer,Desktop or Laptop,Windows 10,Edge 18.18362,1920x1080,1920x967,Finished phase 1,Holiday destinations sequence instructions,2,,,,,Finished phase 1,Holiday destinations,END QUESTIONNAIRE,17663
1,1571488808510,19/10/2019 12:40:08,1571488807117,1,19/10/2019 13:40:07,9714,12,questionnaire-hbms,,3205381,codxpme8,891112,,complete,,,computer,Desktop or Laptop,Windows 10,Edge 18.18362,1920x1080,1920x967,Finished phase 1,Holiday destinations sequence instructions,2,,,,,Finished phase 1,Holiday destinations,BEGIN QUESTIONNAIRE,
2,1571488826058,19/10/2019 12:40:26,1571488824791,1,19/10/2019 13:40:24,9714,12,questionnaire-hbms,,3205381,codxpme8,891112,,complete,,,computer,Desktop or Laptop,Windows 10,Edge 18.18362,1920x1080,1920x967,Finished phase 1,Holiday destinations sequence instructions,2,,,,,Finished phase 1,Holiday destinations,END QUESTIONNAIRE,17674
1,1571488883736,19/10/2019 12:41:23,1571488882380,1,19/10/2019 13:41:22,9714,12,questionnaire-hbms,,3205383,xcvptt23,891116,,complete,,,computer,Desktop or Laptop,Windows 10,Edge 18.18362,1920x1080,1920x967,Finished phase 1,Holiday destinations sequence instructions,2,,,,,Finished phase 1,Holiday destinations,BEGIN QUESTIONNAIRE,
2,1571488890638,19/10/2019 12:41:30,1571488889390,1,19/10/2019 13:41:29,9714,12,questionnaire-hbms,,3205383,xcvptt23,891116,,complete,,,computer,Desktop or Laptop,Windows 10,Edge 18.18362,1920x1080,1920x967,Finished phase 1,Holiday destinations sequence instructions,2,,,,,Finished phase 1,Holiday destinations,END QUESTIONNAIRE,7010
1,1571490438507,19/10/2019 13:07:18,1571490437069,1,19/10/2019 14:07:17,9714,12,questionnaire-hbms,,3205411,kp3fg07s,891131,,complete,,,computer,Desktop or Laptop,Windows 10,Edge 18.18362,1920x1080,1920x967,Finished phase 1,Holiday destinations sequence instructions,2,,,,,Finished phase 1,Holiday destinations,BEGIN QUESTIONNAIRE,
2,1571490440337,19/10/2019 13:07:20,1571490439016,1,19/10/2019 14:07:19,9714,12,questionnaire-hbms,,3205411,kp3fg07s,891131,,complete,,,computer,Desktop or Laptop,Windows 10,Edge 18.18362,1920x1080,1920x967,Finished phase 1,Holiday destinations sequence instructions,2,,,,,Finished phase 1,Holiday destinations,END QUESTIONNAIRE,1947
1,1571492546837,19/10/2019 13:42:26,1571492545031,1,19/10/2019 14:42:25,9714,12,questionnaire-hbms,,3205456,w4bilfpp,891143,,complete,,,computer,Desktop or Laptop,Windows 10,Edge 18.18362,1920x1080,1920x967,Finished phase 1,Holiday destinations sequence instructions,2,,,,,Finished phase 1,Holiday destinations,BEGIN QUESTIONNAIRE,
2,1571492551184,19/10/2019 13:42:31,1571492549433,1,19/10/2019 14:42:29,9714,12,questionnaire-hbms,,3205456,w4bilfpp,891143,,complete,,,computer,Desktop or Laptop,Windows 10,Edge 18.18362,1920x1080,1920x967,Finished phase 1,Holiday destinations sequence instructions,2,,,,,Finished phase 1,Holiday destinations,END QUESTIONNAIRE,4402
END OF FILE
