Subject,Model,BestFitModel,Mode,NPoints,LinearIntercept,LinearSlope,LinearR2,LinearSSE,LinearAIC,LinearBIC,QuadIntercept,QuadSlope,QuadTerm,QuadR2,QuadSSE,QuadAIC,QuadBIC,DeltaBIC_QuadMinusLinear
1,Biased-prior,Cut off,absolute,7,0.756398025966196,0.0246801829923019,0.974350099535852,0.000448978384112699,-63.5811217390693,-63.6893014409587,0.783663356498168,0.00650329597098741,0.00227211087766431,0.999124239073301,1.53294055190514e-05,-85.2215345567025,-85.3838041095365,-21.6945026685778
1,Cost-to-sample,Cut off,absolute,7,800.480958336591,-100.001656360193,0.999999999956926,1.20612109270715e-05,-88.8999827855021,-89.0081624873915,800.481897753993,-100.002282638461,7.82847834465612e-05,0.999999999958764,1.15464163122388e-05,-87.2053191593579,-87.3675887121919,1.64057377519956
2,Biased-prior,Biased-prior,absolute,7,0.88939492493968,-0.0466618754141475,0.879857176314687,0.00832468990828237,-43.1410774878333,-43.2492571897227,0.772384275099056,0.0313452244796015,-0.00975088748671863,0.99512214754682,0.000337986138876125,-63.5689107513379,-63.731180304172,-20.4819231144493
2,Cost-to-sample,Biased-prior,absolute,7,0.912336150292541,-0.0514803538325354,0.904968848299893,0.00779243952647852,-43.6035801912005,-43.7117598930898,0.799592812227553,0.0236818715441235,-0.00939527817208238,0.995394391055436,0.000377654364290726,-62.7920891691868,-62.9543587220209,-19.2425988289311
3,Biased-prior,Biased-prior,absolute,7,0.835269923381262,-0.00195136270762121,0.0150512587320248,0.00697709829420731,-44.3772262040185,-44.4854059059078,0.744218908172744,0.0587493140980576,-0.00758758460070986,0.697743814219051,0.00214109732808127,-50.6464287220576,-50.8086982748916,-6.32329236898379
3,Cost-to-sample,Biased-prior,absolute,7,1.93560450818641,-0.175277575227773,0.998141499960861,0.00160170011371209,-54.678198542955,-54.7863782448444,1.8866145039458,-0.142617572400699,-0.00408250035338422,0.999765975275485,0.000201688146340031,-67.182886227862,-67.345155780696,-12.5587775358517
4,Biased-prior,Biased-prior,absolute,7,0.889988450563192,-0.019872939308388,0.3982486921458,0.0167087872158207,-38.264114664878,-38.3722943667674,0.734273891756636,0.0839367665626494,-0.0129762132338797,0.907635094470933,0.00256468998496717,-49.3827947419591,-49.5450642947931,-11.1727699280258
4,Cost-to-sample,Biased-prior,absolute,7,2.27711497975967,-0.217584892047565,0.998891608712151,0.00147092403326425,-55.2744224147039,-55.3826021165933,2.23160538721541,-0.187245163684726,-0.0037924660453548,0.999801994664934,0.000262768942030101,-65.3310192588339,-65.493288811668,-10.1106866950747
5,Biased-prior,Biased-prior,absolute,7,0.854317132466856,-0.0109949001813581,0.190314328144935,0.0144007655889281,-39.3046883987968,-39.4128681006862,0.715840465967568,0.0813228774848342,-0.011539722208274,0.819242237832321,0.00321488974282097,-47.8011065588387,-47.9633761116728,-8.55050801098665
5,Cost-to-sample,Biased-prior,absolute,7,1.93586887494937,-0.177762374998638,0.997893608664137,0.00186763729625664,-53.6029389177886,-53.7111186196779,1.88514850707508,-0.143948796415775,-0.00422669732285792,0.999586106434524,0.000366979794496117,-62.9927974144468,-63.1550669672808,-9.44394834760289
6,Biased-prior,Cut off,absolute,7,0.858260813159501,0.0103802667178505,0.84869348995334,0.000537875546208885,-62.3165545025707,-62.4247342044601,0.840427100974675,0.0222694081744012,-0.00148614268206885,0.900882146196581,0.000352351460205682,-63.2775409414493,-63.4398104942834,-1.01507628982329
6,Cost-to-sample,Cut off,absolute,7,10.4547679178097,-1.23328508646212,0.999995857364066,0.000176426394193845,-70.1196186338346,-70.227798335724,10.4710129665252,-1.2441151189391,0.00135375405962173,0.999999472062242,2.24837896626445e-05,-82.54038281832,-82.7026523711541,-12.4748540354301
7,Biased-prior,Cost-to-sample,absolute,7,0.769667484954731,-0.0148786945096625,0.239769011396489,0.019653513477862,-37.1278651193262,-37.2360448212156,0.601911595369295,0.0969585652139612,-0.013979657465453,0.874774843686497,0.00323732435834496,-47.7524277831251,-47.9146973359592,-10.6786525147436
7,Cost-to-sample,Cost-to-sample,absolute,7,265.778629064838,-33.1753193751789,0.99999998878085,0.000345738879471581,-65.4101583034093,-65.5183380052987,265.755649345262,-33.1599995621278,-0.00191497663139347,0.99999999877666,3.76994975773759e-05,-78.9224175766014,-79.0846871294354,-13.5663491241367
8,Biased-prior,Cost-to-sample,absolute,7,0.893310116042408,-0.0289081808046302,0.588923213093788,0.0163329200583776,-38.4233790502435,-38.5315587521329,0.732314837359934,0.0784220049836858,-0.0134162732235395,0.969464858096385,0.00121322353284994,-54.62269173839,-54.7849612912241,-16.2534025390912
8,Cost-to-sample,Cost-to-sample,absolute,7,1.48805243291405,-0.119977233634793,0.986515015189089,0.00550937686735734,-46.0304973174414,-46.1386770193308,1.39470724228088,-0.0577471065460157,-0.00777876588609717,0.998955825501228,0.000426604175657831,-61.9389487896195,-62.1012183424536,-15.9625413231228
9,Biased-prior,Biased-prior,absolute,7,0.794114735670563,-0.0154828493966393,0.261648434362021,0.0189410857337539,-37.386324119103,-37.4945038209924,0.631002567806653,0.0932585958459672,-0.0135926806553258,0.86663794357031,0.00342116447234978,-47.365791121475,-47.528060674309,-10.0335568533166
9,Cost-to-sample,Biased-prior,absolute,7,1.83194325222851,-0.175833436401842,0.994547331223065,0.00474618453471668,-47.07427072036,-47.1824504222494,1.74526408728706,-0.118047326440873,-0.00722326374512112,0.999582461696642,0.000363439247663978,-63.0606598892873,-63.2229294421213,-16.0404790198719
10,Biased-prior,Cost-to-sample,absolute,7,0.787645988719584,0.00312559376855421,0.0344729418183627,0.00766141872444409,-43.7222777455632,-43.8304574474526,0.694885370981052,0.0649660055942422,-0.00773005147821102,0.667029421109605,0.00264210827255756,-49.1746176904373,-49.3368872432714,-5.50642979581884
10,Cost-to-sample,Cost-to-sample,absolute,7,174.795221485246,-21.7953404619382,0.999999982100334,0.000238084036522634,-68.0215790072691,-68.1297587091584,174.776657594568,-21.7829645348193,-0.00154699088987005,0.999999997213987,3.70568482044398e-05,-79.0427727487151,-79.2050423015491,-11.0752835923907
11,Biased-prior,Biased-prior,absolute,7,0.889211630480129,-0.0318577929527352,0.654243499772696,0.0150182849219124,-39.010778821584,-39.1189585234734,0.732952532902977,0.0723149387653665,-0.0130215914647627,0.982155591792155,0.000775090002797201,-57.759090862373,-57.921360415207,-18.8024018917337
11,Cost-to-sample,Biased-prior,absolute,7,1.38212895836425,-0.106633491216244,0.980631640276399,0.00628828517659515,-45.1048391499889,-45.2130188518783,1.28180451077009,-0.03975052615347,-0.00836037063284674,0.998715493014361,0.000417038218635698,-62.0976998661118,-62.2599694189458,-17.0469505670675
12,Biased-prior,Biased-prior,absolute,7,0.721084867207342,-0.0874437419243948,0.991329563267214,0.00187257152366394,-53.5844695683209,-53.6926492702103,0.67840887019119,-0.0589930772469595,-0.00355633308467941,0.996248675200944,0.000810181102892381,-57.4491403036854,-57.6114098565195,-3.91876058630916
12,Cost-to-sample,Biased-prior,absolute,7,-5.99020612593031,-0.00306087437306391,0.809792355026799,6.16173956040955e-05,-77.4833353612322,-77.5915150631215,-6.00019712975156,0.00359979484109914,-0.000832583651770307,0.989538537169509,3.38897047968153e-06,-95.7862616754246,-95.9485312282587,-18.3570161651372
13,Biased-prior,Cost-to-sample,absolute,7,0.911787331693493,-0.00935844533220366,0.209099267406078,0.00927544839259724,-42.3840613354801,-42.4922410373695,0.802919142095922,0.0632203477328442,-0.009072349133131,0.798629199451994,0.00236161681394981,-49.960232670375,-50.122502223209,-7.63026118583954
13,Cost-to-sample,Cost-to-sample,absolute,7,5.84693098089334,-0.658849262885608,0.999998032727837,2.39108745611569e-05,-84.1096114430387,-84.2177911449281,5.84653006626877,-0.658581986469226,-3.34095520478285e-05,0.999998040442014,2.38171139150401e-05,-82.1371141888307,-82.2993837416647,1.91840740326336
14,Biased-prior,Cut off,absolute,7,0.836079246428354,-0.0105987857534098,0.186661105473064,0.0137052816686199,-39.6511890236901,-39.7593687255795,0.700666527695697,0.0796763600683614,-0.0112843932277214,0.821435331922261,0.00300892910512099,-48.2645683412743,-48.4268378941083,-8.66746916852886
14,Cost-to-sample,Cut off,absolute,7,5.79219606765556,-0.664808745224874,0.999982765053086,0.000213289223908728,-68.7914012254815,-68.8995809273709,5.78046293563279,-0.656986657209692,-0.000977761001897743,0.999989254172182,0.000132983831454853,-70.0983520793751,-70.2606216322092,-1.36104070483827
15,Biased-prior,Cost-to-sample,absolute,7,0.788971325090996,-0.0659561721138992,0.901042159913293,0.0133774708098408,-39.8206539320933,-39.9288336339826,0.639407821938933,0.0337528299874762,-0.0124636252626719,0.997568146062897,0.000328746616022426,-63.7629339193395,-63.9252034721735,-23.9963698381909
15,Cost-to-sample,Cost-to-sample,absolute,7,-58.3346216539405,-0.00567466740272517,0.763372999906681,0.000279490054612949,-66.8991779848636,-67.007357686753,-58.3542107220817,0.00738471135805331,-0.00163242234509657,0.952887431472143,5.56466267400347e-05,-76.1967947273763,-76.3590642802103,-9.35170659345732
16,Biased-prior,Biased-prior,absolute,7,0.734355486282944,-0.015043928316632,0.260525241012016,0.0179868076455904,-37.7481879319987,-37.8563676338881,0.574492424433305,0.0915314462497943,-0.0133219218208033,0.87341492530675,0.00307902516162446,-48.1033667098165,-48.2656362626505,-10.4092686287624
16,Cost-to-sample,Biased-prior,absolute,7,1.9284356995385,-0.194033039133481,0.995503981847416,0.00476095918158485,-47.0525138995058,-47.1606936013952,1.83912604004441,-0.134493266137425,-0.00744247162450711,0.999897852410174,0.000108166935531109,-71.5442148172786,-71.7064843701127,-24.5457907687175
17,Biased-prior,Biased-prior,absolute,7,0.855892502869319,-0.00608398704513097,0.10880953125318,0.00848864137963645,-43.0045552653276,-43.112734967217,0.753140754950673,0.0624171782339663,-0.00856264565988717,0.755397437945077,0.0023298537211066,-50.055019601501,-50.2172891543351,-7.10455418711809
17,Cost-to-sample,Biased-prior,absolute,7,1.65126064392964,-0.13578281268504,0.995313809993263,0.00243056643543912,-51.7587876779154,-51.8669673798048,1.59053243872885,-0.0952973425511822,-0.00506068376673227,0.999461536222606,0.000279282739742311,-64.9043722397583,-65.0666417925924,-13.1996744127876
18,Biased-prior,Biased-prior,absolute,7,0.967866324556212,-0.0361917186313188,0.78247607165597,0.0101955912819354,-41.7219701991191,-41.8301499010085,0.838385150314238,0.0501290641966638,-0.0107900978534978,0.99112909070859,0.000415789500138577,-62.1186910887454,-62.2809606415795,-20.450810740571
18,Cost-to-sample,Biased-prior,absolute,7,1.12753098408706,-0.0603756225749195,0.92786932817154,0.00793440626638221,-43.4771983105777,-43.5853780124671,1.01445767358063,0.0150065844293647,-0.00942277587553554,0.995671335570463,0.000476155029534006,-61.1697404946124,-61.3320100474465,-17.7466320349793
19,Biased-prior,Biased-prior,absolute,7,0.93170780638834,-0.0197956750081624,0.443998322562452,0.0137402120239136,-39.6333709715307,-39.7415506734201,0.791243977412477,0.0738468776424134,-0.011705319081322,0.909722159995847,0.00223099446108656,-50.3585259670615,-50.5207955198956,-10.7792448464755
19,Cost-to-sample,Biased-prior,absolute,7,1.36137185483493,-0.0916697600460757,0.980530196285578,0.00467208592050591,-47.1844185451297,-47.2925982470191,1.27810122601942,-0.0361560075024038,-0.006939219067959,0.997386068674215,0.000627253973563397,-59.2404843082812,-59.4027538611152,-12.1101556140962
20,Biased-prior,Biased-prior,absolute,7,0.897744445475615,-0.0329631612613627,0.716638881794339,0.0120297231249541,-40.5639943958843,-40.6721740977737,0.758180425554289,0.0600795186861883,-0.0116303349934439,0.984277241863286,0.000667488991937177,-58.8052846585274,-58.9675542113614,-18.2953801135877
20,Cost-to-sample,Biased-prior,absolute,7,1.1011855994246,-0.0672832860612601,0.941531732469426,0.00787150332033176,-43.5329145532366,-43.641094255126,0.987723589262283,0.00835805404695174,-0.0094551675135265,0.997311960265441,0.000361887132788708,-63.0906183218038,-63.2528878746379,-19.6117936195119
21,Biased-prior,Biased-prior,absolute,7,0.740639958604514,0.0135890342282198,0.831728431986771,0.00104607882321208,-57.6603169590421,-57.7684966609315,0.717175979016139,0.0292316872871365,-0.0019553316323646,0.883389867489349,0.000724919792639932,-58.227517823885,-58.3897873767191,-0.621290715787566
21,Cost-to-sample,Biased-prior,absolute,7,1.91267872817449,-0.179450676833885,0.99671991858677,0.00296728812561753,-50.3621188695215,-50.4702985714109,1.84934664792186,-0.137229289998797,-0.00527767335438596,0.999306279959167,0.000627565898627561,-59.2370041665612,-59.3992737193953,-8.92897514798437
22,Biased-prior,Cost-to-sample,absolute,7,0.933168080779178,-0.013219403816197,0.322843080829064,0.0102631247366393,-41.6757565560405,-41.7839362579299,0.816142420999281,0.0647977027037343,-0.00975213831499143,0.84993784684017,0.00227437179260254,-50.2237308422064,-50.3860003950404,-8.60206413711057
22,Cost-to-sample,Cost-to-sample,absolute,7,1.51027158453147,-0.105808868428296,0.99174843714491,0.00260817578498713,-51.2651006881784,-51.3732803900677,1.45204179406459,-0.0669890081170411,-0.00485248253890687,0.998006019908902,0.000630262494593929,-59.206990214284,-59.3692597671181,-7.99597937705032
23,Biased-prior,Biased-prior,absolute,7,0.865668610142935,-0.024318992085105,0.479193649714006,0.017997591532943,-37.7439923797344,-37.8521720816237,0.700571856906023,0.0857455100728368,-0.0137580627697427,0.939297363956746,0.0020977110741439,-50.7897304971147,-50.9520000499488,-13.099827968325
23,Cost-to-sample,Biased-prior,absolute,7,1.8210691176197,-0.165277295362178,0.995672899241154,0.00332402856838219,-49.5674156955119,-49.6755953974013,1.74985581319493,-0.117801759078995,-0.00593444203539783,0.999523879842498,0.000365749977576528,-63.0162950989928,-63.1785646518269,-13.5029692544256
24,Biased-prior,Biased-prior,absolute,7,0.870355589477274,-0.0326840280782661,0.690392999943299,0.0134135450799784,-39.8018028333059,-39.9099825351953,0.722441569221993,0.0659253187585879,-0.0123261683546068,0.984972604283055,0.000651053270265186,-58.979804678561,-59.1420742313951,-19.2320916961998
24,Cost-to-sample,Biased-prior,absolute,7,1.26503702557212,-0.091218823377188,0.970854125643403,0.00699439365300713,-44.3598955461478,-44.4680752480371,1.15827524499071,-0.0200443029895816,-0.00889681504845083,0.998560227584693,0.000345514940474552,-63.414693751862,-63.5769633046961,-19.1088880566589
25,Biased-prior,Biased-prior,absolute,7,0.687726431713867,-0.0980271769055318,0.999305472485251,0.000187000260832069,-69.7121748673945,-69.8203545692839,0.695372252813089,-0.10312439097168,0.000637151758268482,0.999432124557858,0.000152899422334638,-69.1214826050614,-69.2837521578955,0.536602411388429
25,Cost-to-sample,Biased-prior,absolute,7,-0.00645185421517291,-0.00265314184970092,0.477317882813514,0.000215828557182078,-68.7085543187148,-68.8167340206042,-0.02426129719714,0.00921982013827713,-0.00148412024849726,0.925388227156589,3.08090725741149e-05,-80.3352804742463,-80.4975500270804,-11.6808160064762
26,Biased-prior,Cost-to-sample,absolute,7,0.755443616175306,0.00571607058061668,0.14031691308116,0.00560507667111836,-45.9099488478444,-46.0181285497337,0.677319924637088,0.0577985316060954,-0.00651030762818484,0.686375363333012,0.00204481181637584,-50.9685176487631,-51.1307872015972,-5.11265865186343
26,Cost-to-sample,Cost-to-sample,absolute,7,258.683739532732,-32.2836758516176,0.999999996125805,0.000113059074899613,-73.2345716673326,-73.342751369222,258.673222144427,-32.2766642594145,-0.000876449025387943,0.999999998336907,4.8533391796465e-05,-77.1541805872984,-77.3164501401325,-3.97369877091045
27,Biased-prior,Biased-prior,absolute,7,0.829862165196302,0.010892963297923,0.656093773300351,0.00174150303279222,-54.092418130126,-54.2005978320154,0.792955128907048,0.0354976541574256,-0.00307558635743783,0.813003888667808,0.000946927591659384,-56.3573865426241,-56.5196560954582,-2.31905826344274
27,Cost-to-sample,Biased-prior,absolute,7,10.8003548043917,-1.28503129468445,0.999998281083303,7.94769178552477e-05,-75.7016784827197,-75.8098581846091,10.7954717678435,-1.28177593698563,-0.000406919712352223,0.99999858190597,6.55678910619949e-05,-75.0483421749068,-75.2106117277409,0.599246456868201
28,Biased-prior,Biased-prior,absolute,7,0.861861352139313,-0.0772659401486662,0.93693561085365,0.0112514544308277,-41.0321761750215,-41.1403558769109,0.727905534701547,0.0120379381431782,-0.0111629847864806,0.995605528636154,0.000784027165999253,-57.6788392573217,-57.8411088101558,-16.7007529332449
28,Cost-to-sample,Biased-prior,absolute,7,-86.2919981515489,-0.00310023212654929,0.93269615660981,1.94198617705204e-05,-85.5658705345223,-85.6740502364117,-86.2964467864043,-0.000134475556293606,-0.000370719571281099,0.972705741503725,7.87548972580324e-06,-89.883657357865,-90.0459269106991,-4.37187667428744
29,Biased-prior,Biased-prior,absolute,7,0.736684089086541,0.0121840328736848,0.752528527720009,0.00136691758084605,-55.7877501487414,-55.8959298506308,0.7056948725308,0.0328435105775124,-0.00258243471297847,0.853947872518121,0.000806724180915177,-57.4790721629639,-57.641341715798,-1.74541186516716
29,Cost-to-sample,Biased-prior,absolute,7,1.96116939876179,-0.186413173516606,0.997354653539905,0.00258073952013275,-51.3391260412601,-51.4473057431494,1.89753274785446,-0.143988739578385,-0.00530305424227768,0.99977607179235,0.000218459239223521,-66.6237488064363,-66.7860183592703,-15.3387126161209
30,Biased-prior,Cost-to-sample,absolute,7,0.938368174832329,-0.0327452522534317,0.69234879197579,0.0133410004260377,-39.8397637713442,-39.9479434732336,0.790692653817853,0.0657050950895522,-0.012306293417873,0.985710917902913,0.000619632380347833,-59.3260603783111,-59.4883299311452,-19.5403864579115
30,Cost-to-sample,Cost-to-sample,absolute,7,1.40910667459308,-0.101912715762671,0.984487126998054,0.00458244199453724,-47.3200336979724,-47.4282133998618,1.3271101437178,-0.0472483618458147,-0.0068330442396071,0.997764220444448,0.000660440533781308,-58.8795953346488,-59.0418648874828,-11.613651487621
31,Biased-prior,Cut off,absolute,7,0.783597177128799,0.0150311428793257,0.8508114067393,0.00110928809593132,-57.249628814403,-57.3578085162924,0.757403332302889,0.0324937060965993,-0.00218282040215921,0.904639198196089,0.000709052883652398,-58.3824341593762,-58.5447037122102,-1.18689519591783
31,Cost-to-sample,Cut off,absolute,7,2.86289048732439,-0.297499338327762,0.999791874861929,0.000515875586461072,-62.6088855748374,-62.7170652767268,2.83456569521571,-0.278616143588644,-0.00236039934238985,0.999980686960539,4.78708417945398e-05,-77.2503988313022,-77.4126683841363,-14.6956031074095
32,Biased-prior,Biased-prior,absolute,7,0.769666366632245,-0.0626235365970522,0.901602952045388,0.0119839491095232,-40.590680734647,-40.6988604365364,0.629631517149191,0.0307330297249839,-0.0116695707902545,0.99552578097199,0.000544922985507276,-60.2254336333625,-60.3877031861966,-19.6888427496602
32,Cost-to-sample,Biased-prior,absolute,7,0.322941325522309,-0.00959924150921127,0.475276219044282,0.00284850201351904,-50.6481052686061,-50.7562849704955,0.255205389619904,0.0355580490923921,-0.00564466132520043,0.968301605335452,0.000172077089517136,-68.2943469502387,-68.4566165030728,-17.7003315325773
33,Biased-prior,Cost-to-sample,absolute,7,0.892156157956122,0.0113616790395122,0.979156705623049,7.6940893300878e-05,-75.9286823958399,-76.0368620977293,0.88730890214856,0.0145931829112208,-0.000403937983963588,0.982869644597593,6.32349581302399e-05,-75.3019439667217,-75.4642135195558,0.572648578173542
33,Cost-to-sample,Cost-to-sample,absolute,7,125.785311916762,-15.6483541924963,0.999999968657409,0.000214896960235417,-68.7388343394311,-68.8470140413205,125.803773084816,-15.6606616378651,0.00153843067110211,0.999999997653521,1.60883701328705e-05,-84.8832683363269,-85.045537889161,-16.1985238478405
34,Biased-prior,Cost-to-sample,absolute,7,0.84267203695743,-0.0423881888640785,0.811410174716997,0.0116929895526785,-40.7627316454338,-40.8709113473231,0.701336213686036,0.0518356933168507,-0.0117779852726162,0.999347913157606,4.04308377936719e-05,-78.4327953105151,-78.5950648633492,-37.724153516026
34,Cost-to-sample,Cost-to-sample,absolute,7,1.13155739522636,-0.0851468061731027,0.961312461467825,0.00816960921329367,-43.272710465538,-43.3808901674274,1.01334306383973,-0.00633725191534834,-0.00985119428221931,0.999915978223971,1.77427952671143e-05,-84.1980882175962,-84.3603577704302,-40.9794676030028
35,Biased-prior,Cost-to-sample,absolute,7,0.806760761601166,-0.0656264007355791,0.906837666663486,0.0123887078087203,-40.3581602164176,-40.4663399183069,0.664658617381303,0.0291083620776626,-0.0118418453516552,0.995416999209179,0.000609446496788807,-59.4420868086033,-59.6043563614374,-19.1380164431305
35,Cost-to-sample,Cost-to-sample,absolute,7,-99.5597744980035,-0.0051689718894879,0.907674596793896,7.60952247460156e-05,-76.0060463569124,-76.1142260588018,-99.5700074976649,0.00165302788468474,-0.000852749971769359,0.981786253624084,1.50118935397251e-05,-85.368045422152,-85.530314974986,-9.41608891618419
36,Biased-prior,Biased-prior,absolute,7,0.876590845462558,-0.0394571393968696,0.766071951738908,0.0133113456043832,-39.8553409244404,-39.9635206263298,0.727894236565058,0.0596739332014636,-0.0123913840747917,0.992734235773874,0.000413448064107217,-62.1582216080663,-62.3204911609004,-22.3569705345706
36,Cost-to-sample,Biased-prior,absolute,7,1.2014057927024,-0.0885820043697556,0.964321953960134,0.00812883006710639,-43.3077389261241,-43.4159186280135,1.08586238556698,-0.0115530662794755,-0.00962861726128504,0.99850259083384,0.000341167356503843,-63.5033329801562,-63.6656025329903,-20.2496839049767
37,Biased-prior,Cost-to-sample,absolute,7,0.8581444454478,-0.0114531031858194,0.200370799287579,0.0146574557892842,-39.1810140610653,-39.2891937629547,0.717709538516938,0.082170168101422,-0.0117029089109052,0.827991107523941,0.00315297732322098,-47.9372276773975,-48.0994972302315,-8.81030346727682
37,Cost-to-sample,Cost-to-sample,absolute,7,1.55493440461626,-0.130562984817715,0.990984626837866,0.00434225137778254,-47.6969072465202,-47.8050869484096,1.47229276605936,-0.0754685591131096,-0.00688680321307569,0.999256109788401,0.000358294464149751,-63.1604587320478,-63.3227282848819,-15.5176413364723
38,Biased-prior,Cut off,absolute,7,0.854110216768078,-0.00995171469393071,0.168506956242647,0.0136834198003441,-39.6623639317524,-39.7705436336418,0.72115225727052,0.078686924971108,-0.0110798299581299,0.795134449930118,0.00337135872065415,-47.4684470860811,-47.6307166389151,-7.86017300527335
38,Cost-to-sample,Cut off,absolute,7,13.5619765650249,-1.6341052123042,0.999998330524036,0.000124824247826879,-72.5415978353053,-72.6497775371947,13.5494438484576,-1.62575006792604,-0.00104439304727075,0.999999555953852,3.32006735032301e-05,-79.8119538154272,-79.9742233682613,-7.32444583106665
39,Biased-prior,Cost-to-sample,absolute,7,0.892101200479711,0.00635198652917863,0.698475026276606,0.000487696426893509,-63.0020929954174,-63.1102726973067,0.87287757604098,0.0191677361549991,-0.00160196870322756,0.831753820536275,0.000272126913899392,-65.0860650802885,-65.2483346331226,-2.13806193581586
39,Cost-to-sample,Cost-to-sample,absolute,7,2.63653997926794,-0.246251584338355,0.999909032347423,0.00015446944795537,-71.0499706466871,-71.1581503485765,2.64669058047152,-0.253018651807413,0.000845883433632191,0.999944427575774,9.43658701587066e-05,-72.4996887091915,-72.6619582620256,-1.50380791344911
40,Biased-prior,Biased-prior,absolute,7,0.896721915445714,-0.0336757891619153,0.671963176663932,0.0155013926845011,-38.7891489027492,-38.8973286046386,0.737300134256671,0.0726053982974465,-0.0132851484324202,0.985698911224446,0.000675798499300374,-58.718680273581,-58.8809498264151,-19.9836212217765
40,Cost-to-sample,Biased-prior,absolute,7,1.51328684642769,-0.123647605486262,0.988610696130207,0.0049317531131253,-46.8057963150801,-46.9139760169695,1.42576864029343,-0.0653021347300844,-0.00729318384452224,0.998929027272719,0.000463748543565354,-61.3545476356393,-61.5168171884734,-14.6028411715039
41,Biased-prior,Biased-prior,absolute,7,0.825132346318668,0.00626203659286928,0.252633963533611,0.0032481109504847,-49.7291429268262,-49.8373226287156,0.769189822274641,0.0435570526222207,-0.00466187700366893,0.672686305541031,0.0014225307859084,-53.5085952939689,-53.670864846803,-3.83354221808742
41,Cost-to-sample,Biased-prior,absolute,7,2.20967622516603,-0.209752155997337,0.998862804450755,0.00140249140524926,-55.6079063846422,-55.7160860865316,2.1641164523146,-0.179378974096379,-0.00379664773761979,0.999844585934324,0.00019167054558911,-67.5394990206723,-67.7017685735064,-11.9856824869748
42,Biased-prior,Biased-prior,absolute,7,0.962561133919417,-0.0281512179077968,0.654935669306413,0.0116910584872266,-40.7638877718813,-40.8720674737706,0.826692079205871,0.0624281519012339,-0.0113224212261288,0.97277243825338,0.00092249180378765,-56.5403955114919,-56.7026650643259,-15.8305975905553
42,Cost-to-sample,Biased-prior,absolute,7,1.27607776307763,-0.0773209940074154,0.964605351123502,0.00614243868417777,-45.2691050942994,-45.3772847961888,1.17929189456791,-0.0127970816676047,-0.00806548904247635,0.99609280001344,0.000678061150656103,-58.6952826130673,-58.8575521659014,-13.4802673697126
43,Biased-prior,Biased-prior,absolute,7,0.774851520631956,-0.0300356438846244,0.608858528399942,0.0162274169848634,-38.4687424688249,-38.5769221707142,0.613019098254281,0.0778526377004921,-0.0134860351981396,0.977099691013016,0.000950072774164873,-56.3341748468242,-56.4964443996583,-17.9195222289441
43,Cost-to-sample,Biased-prior,absolute,7,1.82628481483633,-0.179643088033753,0.994857820750399,0.00467052013063476,-47.1867648988431,-47.2949446007325,1.73736289449379,-0.120361807805391,-0.00741016002854519,0.999936098184173,5.80405121482818e-05,-75.9019561848971,-76.0642257377312,-28.7692811369987
44,Biased-prior,Biased-prior,absolute,7,0.706850206360074,-0.0751120836029364,0.980995178003951,0.00306037456476751,-50.1458967894424,-50.2540764913318,0.64233009908117,-0.0320986787503333,-0.0053766756065754,0.996074998713412,0.000632048756186717,-59.1871791898828,-59.3494487427169,-9.09537225138506
44,Cost-to-sample,Biased-prior,absolute,7,-99.5436973186064,-0.00228161565060072,0.483742969006282,0.000155558705113715,-71.0007826525848,-71.1089623544742,-99.5590293041127,0.00793970802026694,-0.00127766545885646,0.938820354262869,1.8434667033716e-05,-83.9303141599374,-84.0925837127715,-12.9836213582973
45,Biased-prior,Biased-prior,absolute,7,0.803652010892373,-0.0222498492298623,0.468320694804085,0.015736878190198,-38.6836097855525,-38.7917894874419,0.648642888763993,0.0810895655223911,-0.0129174268440317,0.941867030688596,0.00172064522344158,-52.1767625435348,-52.3390320963689,-13.547242608927
45,Cost-to-sample,Biased-prior,absolute,7,1.53800180399977,-0.132552784245814,0.989945351191059,0.00499679377395882,-46.7140827654806,-46.82226246737,1.44820117031656,-0.0726856951236719,-0.00748338614026784,0.999411015027625,0.000292704051513193,-64.5758107008844,-64.7380802537185,-17.9158177863485
46,Biased-prior,Cut off,absolute,7,0.852360316130468,0.0119647446032446,0.976734686047226,9.54766568109499e-05,-74.4177724449704,-74.5259521468598,0.851435611934184,0.0125812140674342,-7.70586830237127e-05,0.976856230226359,9.49778613980856e-05,-72.4544381634404,-72.6167077162745,1.90924443058528
46,Cost-to-sample,Cut off,absolute,7,5.20827887706373,-0.574275435484305,0.999995441079956,4.20980971838357e-05,-80.149927154204,-80.2581068560934,5.21553187451038,-0.579110767115406,0.000604416453887511,0.999998764240725,1.1411280206495e-05,-87.2877284433195,-87.4499979961536,-7.19189114006019
47,Biased-prior,Biased-prior,absolute,7,0.898322461207776,-0.0412395472138846,0.805399904262788,0.0115058122755295,-40.8756917355886,-40.983871437478,0.758641302432104,0.0518812253032306,-0.0116400965646394,0.997894356743203,0.000124497040662577,-70.5599713282308,-70.7222408810649,-29.7383694435869
47,Cost-to-sample,Biased-prior,absolute,7,1.13191017193797,-0.0755642405422891,0.951433007903945,0.0081611933659511,-43.2799251674888,-43.3881048693782,1.01439548902434,0.00277888140013038,-0.00979289024280245,0.999371966938484,0.000105534624114781,-71.7166713209937,-71.8789408738278,-28.4908360044496
48,Biased-prior,Biased-prior,absolute,7,0.791565267313059,-0.0808607862003916,0.98168505428284,0.0034156031647535,-49.3771792989959,-49.4853590008852,0.718366769771814,-0.0320617878395614,-0.00609987479510379,0.998444488621096,0.000290091473414355,-64.6385708574596,-64.8008404102936,-15.3154814094084
48,Cost-to-sample,Biased-prior,absolute,7,-99.1772381296542,-0.00362673795041865,0.767323678195055,0.000111677060657624,-73.3206657137482,-73.4288454156376,-99.173392353585,-0.00619058866326661,0.000320481339107502,0.78529884769211,0.000103049564405829,-71.8834743869681,-72.0457439398022,1.38310147583545
49,Biased-prior,Cost-to-sample,absolute,7,0.85528948951981,-0.0796123627888744,0.942793190508517,0.0107683793918819,-41.3393599573804,-41.4475396592698,0.723546784857052,0.00821610698629761,-0.0109785587218965,0.996578952207406,0.000643964256630978,-59.0564423920694,-59.2187119449035,-17.7711722856337
49,Cost-to-sample,Cost-to-sample,absolute,7,-1.64485650870244,-0.00280911128696733,0.627933083636615,0.00013091928071991,-72.2078782601119,-72.3160579620012,-1.65950011338504,0.00695329183476778,-0.00122030039021687,0.983425410135431,5.83210516136724e-06,-91.986298764839,-92.1485683176731,-19.8325103556719
50,Biased-prior,Biased-prior,absolute,7,0.897587897286052,-0.0381880955903252,0.81601550949152,0.00920654827222946,-42.4362529991436,-42.544432701033,0.773072849095957,0.0448219365364045,-0.0103762540158412,0.996751588336272,0.000162549890523533,-68.693050136348,-68.8553196891821,-26.3108869881491
50,Cost-to-sample,Biased-prior,absolute,7,1.06264884340976,-0.0610046221441789,0.930404885913725,0.00779453628427994,-43.6016969131513,-43.7098766150407,0.948640486167065,0.0150009493509505,-0.0095006964368912,0.998103322276275,0.000212424730259592,-66.8198309436191,-66.9821004964532,-23.2722238814125
51,Biased-prior,Biased-prior,absolute,7,0.712069141242912,0.0159886802756819,0.863148871639694,0.0011348695484582,-57.0900340329214,-57.1982137348108,0.687394661226417,0.0324383336200115,-0.0020562066680412,0.905975634837861,0.000779718736075652,-57.7174121299848,-57.8796816828188,-0.681467948008077
51,Cost-to-sample,Biased-prior,absolute,7,1.48299423986951,-0.128971978591035,0.98702920224734,0.00612047942191235,-45.2941749836733,-45.4023546855626,1.38085821144279,-0.060881292973222,-0.00851133570222669,0.999925230383839,3.52812452885727e-05,-79.3864842544615,-79.5487538072956,-34.1463991217329
52,Biased-prior,Cost-to-sample,absolute,7,0.868690008516034,-0.000404039130189742,0.000893835015167155,0.00510927362045898,-46.5582572779485,-46.6664369798379,0.79354809569781,0.0496905694152927,-0.00626182606818532,0.644964863152403,0.00181559450096978,-51.8007672564653,-51.9630368092994,-5.29659982946148
52,Cost-to-sample,Cost-to-sample,absolute,7,2.26613410838465,-0.209898298000972,0.999469987832807,0.000654171993892009,-60.9463528177457,-61.0545325196351,2.24347691367631,-0.194793501528741,-0.00188809955902893,0.999712605800147,0.000354718718528399,-63.2306690165067,-63.3929385693407,-2.3384060497056
53,Biased-prior,Biased-prior,absolute,7,0.841494167413525,-0.0028018160073246,0.0283015771168171,0.00754671789889806,-43.8278687226927,-43.936048424582,0.745803316052599,0.0609920848999598,-0.00797423761341056,0.716052232238766,0.00220528679562699,-50.4396550308676,-50.6019245837016,-6.66587615911959
53,Cost-to-sample,Biased-prior,absolute,7,1.76915892841478,-0.153303594222801,0.996484732575698,0.00232140238308288,-52.0804576465993,-52.1886373484886,1.70936938307109,-0.113443897327004,-0.00498246211197473,0.999642464366993,0.000236108372512805,-66.079908612837,-66.242178165671,-14.0535408171824
54,Biased-prior,Biased-prior,absolute,7,0.816760592722809,-0.0281403789194518,0.629643635024831,0.0130419613497444,-39.9984543081507,-40.1066340100401,0.672101579406391,0.068298963291494,-0.0120549177763682,0.976288439307964,0.000834993771764628,-57.2379750881275,-57.4002446409615,-17.2936106309215
54,Cost-to-sample,Biased-prior,absolute,7,1.10867394269676,-0.0794970750498746,0.958561090213183,0.00764977842373463,-43.7329212138532,-43.8411009157426,0.995601475450083,-0.00411543021875613,-0.00942270560388982,0.998961893128962,0.000191638428338228,-67.5406720730765,-67.7029416259106,-23.861840710168
55,Biased-prior,Cut off,absolute,7,0.815101041841646,0.0123300095937827,0.806747862627838,0.00101969747247847,-57.8391160824065,-57.9472957842959,0.789877974655008,0.0291453877182083,-0.00210192226555322,0.877081900429149,0.000648578986802497,-59.0064583801302,-59.1687279329643,-1.22143214866838
55,Cost-to-sample,Cut off,absolute,7,1.77873603946189,-0.153478964353544,0.996936510196615,0.0020267710360836,-53.0305506679013,-53.1387303697907,1.72514344874135,-0.117750570539844,-0.00446604922671259,0.999468943681992,0.000351340997668342,-63.2976441628034,-63.4599137156374,-10.3211833458467
56,Biased-prior,Biased-prior,absolute,7,0.784957292143436,-0.023147320581845,0.500117285863202,0.0149953199965356,-39.0214909309388,-39.1296706328282,0.630453866957772,0.0798549628752643,-0.0128752854321387,0.964317566515096,0.00107039009997614,-55.4994958661273,-55.6617654189613,-16.5320947861332
56,Cost-to-sample,Biased-prior,absolute,7,1.61210891823903,-0.145567698720782,0.992581473389656,0.00443444791243107,-47.549836129797,-47.6580158316864,1.52713982968781,-0.0889216396866366,-0.00708075737926824,0.999627054422312,0.000222929407049961,-66.4819588219254,-66.6442283747594,-18.986212543073
57,Biased-prior,Biased-prior,absolute,7,0.837054197019883,0.0135626240917596,0.978978229525024,0.000110596590038396,-73.3887201492012,-73.4968998510906,0.834115039996823,0.0155220621071332,-0.000244929751921694,0.979936062809149,0.000105557381034777,-71.7151620412796,-71.8774315941136,1.61946825697699
57,Cost-to-sample,Biased-prior,absolute,7,1.28816361213424,-0.0863462178872067,0.9726407365521,0.00587214291390667,-45.5841205917543,-45.6923002936437,1.19345310410392,-0.0232058792003218,-0.00789254233586063,0.997020018552566,0.000639596053945138,-59.1040872695186,-59.2663568223527,-13.5740565287091
58,Biased-prior,Cost-to-sample,absolute,7,0.985143389612366,-0.0776504538566179,0.896634986579969,0.0194627369369138,-37.1961460185022,-37.3043257203916,0.812502231128909,0.0374436517990208,-0.0143867632069549,0.988971852537944,0.00207650466878275,-50.8608557689261,-51.0231253217601,-13.7187996013685
58,Cost-to-sample,Cost-to-sample,absolute,7,-98.8866601852184,8.82684024417997e-06,2.12022478948137e-05,0.000102891014442971,-73.8942527383302,-74.0024324402196,-98.8750551468213,-0.0077278654245062,0.000967086533095613,0.76354626994529,2.43294799938196e-05,-81.9881234644817,-82.1503930173157,-8.14796057709611
59,Biased-prior,Biased-prior,absolute,7,0.780285565751013,-0.00145845987179253,0.00683718131394617,0.00865147895134567,-42.8715460127207,-42.9797257146101,0.67891776284865,0.0661200753964498,-0.0084473169085303,0.694929893000024,0.00265747726328181,-49.1340170676369,-49.2962866204709,-6.31656090586085
59,Cost-to-sample,Biased-prior,absolute,7,1.74708188007775,-0.158864852061825,0.99403155793632,0.00424301421565168,-47.8587405801177,-47.9669202820071,1.66320565927983,-0.10294737152988,-0.00698968506649316,0.999804284651349,0.000139135640036093,-69.7817999547094,-69.9440695075435,-21.9771492255364
60,Biased-prior,Cost-to-sample,absolute,7,0.837413621780611,-0.0724886066199413,0.922387325438167,0.0123798920548611,-40.3631431609489,-40.4713228628383,0.695781244218573,0.021932978421418,-0.0118026981301699,0.995747047456508,0.000678382670100195,-58.69196417685,-58.8542337296841,-18.3829108668457
60,Cost-to-sample,Cost-to-sample,absolute,7,-99.4953393597398,-0.00350177755748869,0.892554351807243,4.13322740080628e-05,-80.2784394147379,-80.3866191166273,-99.501464327263,0.00058153412458273,-0.000510413960258602,0.949442776111931,1.9448391498182e-05,-83.5555943778802,-83.7178639307143,-3.33124481408697
61,Biased-prior,Cost-to-sample,absolute,7,0.926166779736425,-0.0273237186706146,0.568058998418213,0.0158952963344946,-38.6134953341735,-38.7216750360628,0.768839098138593,0.077561402394607,-0.0131106401331527,0.960417332501183,0.00145663001960774,-53.3427790625499,-53.505048615384,-14.7833735793211
61,Cost-to-sample,Cost-to-sample,absolute,7,0.815476001084048,-0.0367043256031412,0.851504085600558,0.00657840031333021,-44.7891167801292,-44.8972964820186,0.712523687516035,0.0319305501088677,-0.00857935946400113,0.991071239486601,0.000395545973076397,-62.4680758032028,-62.6303453560369,-17.7330488740182
62,Biased-prior,Biased-prior,absolute,7,0.810392997316077,0.00904618683602158,0.428158410023279,0.00306027459634645,-50.1461254511184,-50.2543051530078,0.757296923582289,0.0444435693252141,-0.00442467281114907,0.735454440755826,0.00141574531954587,-53.542065156142,-53.704334708976,-3.45002955596829
62,Cost-to-sample,Biased-prior,absolute,7,2.12667583001111,-0.202476303327292,0.998624609827698,0.00158099352044267,-54.7692837774717,-54.8774634793611,2.08208359655736,-0.172748147691461,-0.00371601945447885,0.999633702542645,0.000421054271213218,-62.0306127998017,-62.1928823526358,-7.3154188732747
63,Biased-prior,Cost-to-sample,absolute,7,0.941015045792306,-0.0693190459485426,0.898724225841302,0.0151615048080698,-38.9443405370232,-39.0525202389126,0.786980296400638,0.0333707869792365,-0.0128362291159724,0.991176472710705,0.00132092746297993,-54.0273192028569,-54.1895887556909,-15.1370685167783
63,Cost-to-sample,Cost-to-sample,absolute,7,0.250108846843331,-0.00132113299139035,0.311276044973762,0.00010813109381964,-73.5465346903106,-73.6547143921999,0.243320002975169,0.00320476292071728,-0.000565736989013459,0.482515181033466,8.12461931976476e-05,-73.5475571790158,-73.7098267318499,-0.0551123396499378
64,Biased-prior,Cost-to-sample,absolute,7,0.850926466390884,0.00268858804748085,0.0464828959959767,0.00415185204299812,-48.0107764254741,-48.1189561273635,0.783519660097647,0.0476264589096389,-0.00561723385776977,0.655193566890932,0.00150137348111664,-53.130995593649,-53.293265146483,-5.17430901911956
64,Cost-to-sample,Cost-to-sample,absolute,7,2.98365953667443,-0.303442252249771,0.999939367460618,0.00015632996419215,-70.9661624493834,-71.0743421512728,2.97258808318184,-0.296061283254709,-0.000922621124382717,0.999967099997753,8.4826666102953e-05,-73.245675284246,-73.4079448370801,-2.33360268580726
