Subject,BestFitModel,Source,NObs,MeanStop,LTM_Intercept,LTM_Slope,LTM_Beta,LTM_NLL,LTM_BIC,LTM_Converged,ITM_Beta,ITM_NLL,ITM_BIC,ITM_Converged,LTM_T1,LTM_T2,LTM_T3,LTM_T4,LTM_T5,LTM_T6,LTM_T7,ITM_T1,ITM_T2,ITM_T3,ITM_T4,ITM_T5,ITM_T6,ITM_T7,LinearAdvantageBIC,DeltaNLL_ITMminusLTM
2,Biased-prior,Participants,100,0.39,0.935898743760146,0.18312140001066,0.393286839711318,64.399911212638,142.61533298324,1,0.553134207351472,57.5090153212049,151.859392130315,1,0.935898743760146,1.11902014377081,1.30214154378147,1.48526294379213,1.66838434380279,1.85150574381345,2.03462714382411,-0.0544775966775655,2.64224300556784,1.4756624601018,2.14786919800917,-0.0667792142833799,4.99999999999965,-2.7598460522532,9.24405914707438,-6.89089589143305
2,Biased-prior,Winning model,280,0.423363012967219,1.3167551419723,-0.1981568561712,0.47180557741193,182.805259224391,382.514887258289,1,0.470760218486444,182.639866558834,410.358049943023,1,1.3167551419723,1.1185982858011,0.920441429629899,0.722284573458699,0.5241277172875,0.3259708611163,0.1278140049451,1.16342852366259,1.1425295166905,0.901615408226919,0.919988040466201,0.599727597794449,0.475565729595024,-0.135187113324053,27.8431626847341,-0.165392665556112
3,Biased-prior,Participants,229,0.0960698689956332,2.40709976275504,-0.227883484420621,2.00789062074038,49.2157606412645,114.732687293192,1,2.05216101041603,48.1626805822122,139.795137192858,1,2.40709976275504,2.17921627833441,1.95133279391379,1.72344930949317,1.49556582507255,1.26768234065193,1.03979885623131,2.18341028321857,2.25155763519913,2.13469477081362,1.62180260593434,1.57819266962018,1.50100351660608,0.774579827814819,25.0624498996667,-1.05308005905225
3,Biased-prior,Winning model,280,0.114374342737814,3.58345600892808,-0.420857483391745,1.18429451424849,77.8160790020616,172.536526813631,1,1.20564640962727,77.4976739823824,200.073664790119,1,3.58345600892808,3.16259852553634,2.74174104214459,2.32088355875285,1.9000260753611,1.47916859196936,1.05831110857762,3.89217670956522,2.85854337222736,2.69465483886958,2.10953859259342,1.9519585482303,1.58708396838856,0.992623713028921,27.537137976488,-0.318405019679119
4,Biased-prior,Participants,205,0.131707317073171,3.49808485051731,-0.349807563108591,0.82955169564725,70.3050042264217,156.579038390259,1,0.952377578197585,64.7564556438483,172.096991120804,1,3.49808485051731,3.14827728740871,2.79846972430012,2.44866216119153,2.09885459808294,1.74904703497435,1.39923947186576,3.6188983582964,3.36689994626236,2.52311688057077,1.00229070075573,2.89792728082139,1.16692237071989,2.21424143479148,15.5179527305452,-5.5485485825734
4,Biased-prior,Winning model,280,0.183442085205305,3.16059071876181,-0.408681650544661,1.0255262353514,107.6778545902,232.260077989908,1,1.02969355764014,107.343995943104,259.766308711562,1,3.16059071876181,2.75190906821715,2.34322741767248,1.93454576712782,1.52586411658316,1.1171824660385,0.708500815493839,3.29156936767892,2.66986276345004,2.17540104835957,1.86212753236362,1.64697984522888,1.2964430906693,0.570238765035012,27.5062307216541,-0.333858647096065
5,Biased-prior,Participants,191,0.167539267015707,2.85780527477513,-0.347408009208717,0.988454213828663,71.4120606322768,158.580941548693,1,1.06531760896656,69.1465272021539,180.311241828681,1,2.85780527477513,2.51039726556641,2.1629892563577,1.81558124714898,1.46817323794026,1.12076522873155,0.773357219522829,2.91550798292439,1.81352082240043,2.24087229322113,1.66798881357052,1.55510844046442,1.89533117270114,0.10417788251798,21.7303002799875,-2.26553343012283
5,Biased-prior,Winning model,280,0.183888452343278,3.73604930283266,-0.412708123618489,0.673683894033843,120.912908598109,258.730186005726,1,0.682107552723513,120.477806193756,286.033929212867,1,3.73604930283266,3.32334117921417,2.91063305559569,2.4979249319772,2.08521680835871,1.67250868474022,1.25980056112173,3.70891005525602,3.07820623757648,2.84947833018999,2.41636781940145,2.3210284749224,1.95877797590641,0.947257145609566,27.3037432071407,-0.435102404352776
7,Cost-to-sample,Participants,156,0.25,5,-1.66228831143742,0.540796675438229,71.4422492936656,158.03406660908,1,0.469643371774979,62.6111818826963,165.621211823389,1,5,3.33771168856258,1.67542337712516,0.0131350656877478,-1.64915324574967,-3.31144155718708,-4.9737298686245,5,5,3.12952023099617,-1.22061425787244,-4.74228502610175,5,4.99999999999923,7.58714521430906,-8.83106741096931
7,Cost-to-sample,Winning model,280,0.276820654609176,4.99999999999999,-0.657932176946553,0.310060263783066,161.33438684979,339.573142509087,1,0.277934060507795,160.95132758039,366.980971986133,1,4.99999999999999,4.34206782305344,3.68413564610689,3.02620346916033,2.36827129221378,1.71033911526723,1.05240693832068,5,4.99999999999876,4.71475629227459,3.63882872880123,2.84468729416297,1.6938820224035,0.916120592666102,27.4078294770461,-0.383059269400121
8,Cost-to-sample,Participants,192,0.151041666666667,1.89773253192024,-0.141333669337578,1.68139940766869,62.1555443327762,140.083574781636,1,1.75617859360013,59.0564812600857,160.172925496394,1,1.89773253192024,1.75639886258266,1.61506519324509,1.47373152390751,1.33239785456993,1.19106418523235,1.04973051589477,1.6927481370721,2.06277269361625,1.52152565379603,1.35834458706433,1.39336472167713,2.04713883203627,0.506153293145108,20.089350714758,-3.09906307269047
8,Cost-to-sample,Winning model,280,0.215752283111752,3.175478418353,-0.479440296366397,1.0462865078073,113.397330867536,243.69903054458,1,1.04672311363477,113.346476110616,271.771269046586,1,3.175478418353,2.6960381219866,2.2165978256202,1.73715752925381,1.25771723288741,0.778276936521013,0.298836640154616,3.18887224858005,2.65550626247036,2.22702383006669,1.67170776389212,1.32472219464909,0.821841810752808,0.250597293549338,28.0722385020053,-0.0508547569205007
9,Biased-prior,Participants,226,0.0973451327433628,2.85359967409171,-0.227966715448281,1.40726588679522,49.5854274236032,115.432459845023,1,1.55806426161214,45.8679703092025,135.100220612583,1,2.85359967409171,2.62563295864343,2.39766624319515,2.16969952774687,1.94173281229859,1.71376609685031,1.48579938140203,2.04038760969257,3.03806893698211,2.29073647174999,2.45668860458045,2.39682037416682,1.73948517129918,0.878311902975232,19.6677607675601,-3.71745711440067
9,Biased-prior,Winning model,280,0.127632749632833,4.59077853098167,-0.571968697420871,0.857844504733917,85.2853521981947,187.475073205897,1,0.884299045269032,84.5915671175935,214.261451060541,1,4.59077853098167,4.0188098335608,3.44684113613993,2.87487243871906,2.30290374129819,1.73093504387732,1.15896634645645,4.3257343313117,3.80756341218805,3.21812340797243,2.65389524151764,2.53235677091506,2.04809702249254,0.843715792710735,26.7863778546437,-0.693785080601245
10,Cost-to-sample,Participants,243,0.0452674897119342,5,0.281459219455288,0.535466346604803,44.9591416874723,106.397467704966,1,0.932002774874204,40.2445957763736,124.433683099472,1,5,5.28145921945529,5.56291843891057,5.84437765836586,6.12583687782115,6.40729609727644,6.68875531673172,2.01457264115317,4.99959364444543,4.97501536124607,4.96716105890889,3.59438289247599,2.98508055087462,4.24678082580723,18.0362153945053,-4.71454591109871
10,Cost-to-sample,Winning model,280,0.100611237003828,5,-0.553715136915975,0.759162206691868,83.0028443036284,182.910057416765,1,0.651465309594077,80.1945341794588,205.467385184272,1,5,4.44628486308402,3.89256972616805,3.33885458925207,2.7851394523361,2.23142431542012,1.67770917850415,4.99999999999981,5,5,4.85883622515851,3.81635794718283,2.50109735170823,1.36455419988724,22.557327767507,-2.80831012416959
11,Biased-prior,Participants,201,0.17910447761194,2.21397797017483,-0.32452292078242,2.1955308291498,51.1137193994034,118.137353522984,1,2.52754965410085,47.0236370899576,136.473713444388,1,2.21397797017483,1.88945504939241,1.56493212860999,1.24040920782757,0.915886287045154,0.591363366262734,0.266840445480314,1.70388977762773,2.26740122278114,1.66990577120485,0.979370228794142,0.874959071723532,1.0474910512118,-0.124254263488094,18.3363599214039,-4.09008230944577
11,Biased-prior,Winning model,280,0.205237023511235,2.50457577837869,-0.371416306080264,1.62646687490013,94.2807443097776,205.465857429063,1,1.62368171670832,94.1440614981101,233.366439821574,1,2.50457577837869,2.13315947229842,1.76174316621816,1.39032686013789,1.01891055405763,0.647494247977365,0.276077941897101,2.51437727034916,2.09551825511076,1.70151545931527,1.48042500629311,1.00956153499702,0.719205560339052,0.215116266643536,27.9005823925113,-0.136682811667484
12,Biased-prior,Participants,46,0.847826086956522,-3.00723479074225,3,1.22143478967634,7.05608594109497,25.5980960716572,1,0.769170948915997,5.34960874705701,41.3283486660268,1,-3.00723479074225,-0.0072347907422472,2.99276520925775,5.99276520925775,8.99276520925775,11.9927652092578,14.9927652092578,-5,5,5,5,5,4.99999999999989,5,15.7302525943696,-1.70647719403796
12,Biased-prior,Winning model,280,0.82078022081201,-4.99999999999997,-0.217686967254291,0.271413614945286,130.576297334303,278.056963478114,1,0.344399407466838,130.486261382745,306.050839590844,1,-4.99999999999997,-5.21768696725426,-5.43537393450855,-5.65306090176284,-5.87074786901713,-6.08843483627142,-6.30612180352571,-4.6834835185127,-4.07305684222187,-4.18222659646692,-4.15089552929124,-4.1321553969665,-4.97942390233679,-4.99995081355201,27.9938761127293,-0.090035951558491
13,Cost-to-sample,Participants,213,0.122065727699531,4.99999999999998,-0.403171968451204,0.540457098648009,75.442394134612,166.968664766352,1,0.743105904723818,70.1181031345593,183.126543594794,1,4.99999999999998,4.59682803154878,4.19365606309757,3.79048409464637,3.38731212619516,2.98414015774396,2.58096818929276,2.35974315556013,4.99999218400715,4.97075159239701,3.36238411981379,2.19230266014765,1.86243077774745,2.01095217187326,16.1578788284416,-5.32429100005277
13,Cost-to-sample,Winning model,280,0.171419112670664,5,-0.659311025687209,0.612627106366632,115.067880516905,247.040129843317,1,0.542101037694142,114.426052535961,273.930421897277,1,5,4.34068897431279,3.68137794862558,3.02206692293837,2.36275589725116,1.70344487156395,1.04413384587674,5,4.99999999999928,4.51649291846517,3.60837872089368,2.80127539774013,1.82409879958782,0.959564679634341,26.8902920539597,-0.641827980943276
15,Cost-to-sample,Winning model,280,1,-1.94132012241058,-0.152941392148813,81.3631081999583,2.80000002806933e-06,16.9043744095078,1,81.3631081999583,2.80000002806933e-06,45.0783224253541,1,-1.94132012241058,-2.09426151455939,-2.2472029067082,-2.40014429885702,-2.55308569100583,-2.70602708315464,-2.85896847530346,-1.94132012241058,-2.09426151455939,-2.2472029067082,-2.40014429885702,-2.55308569100583,-2.70602708315464,-2.85896847530346,28.1739480158462,0
16,Biased-prior,Participants,211,0.123222748815166,3.3087757739092,-0.291105137125926,0.931368791898336,61.8474366037222,139.750447607873,1,0.952998086357362,60.8058582261352,164.426581520079,1,3.3087757739092,3.01767063678327,2.72656549965735,2.43546036253142,2.1443552254055,1.85325008827957,1.56214495115365,3.33539370136996,2.60183873837294,2.83063709311222,2.55724156743829,2.02812683485455,2.48001711236102,1.01047158071943,24.6761339122064,-1.04157837758697
16,Biased-prior,Winning model,280,0.15279441043927,4.99999999999995,-0.59657622648745,0.643489958619458,101.654137590743,220.212643990994,1,0.632167797818099,101.487455885988,248.05322859733,1,4.99999999999995,4.4034237735125,3.80684754702505,3.2102713205376,2.61369509405015,2.0171188675627,1.42054264107525,4.93520959474207,4.3870318339655,3.78491210716376,3.51631734885697,2.8593940729769,2.08889687469297,1.26590885291899,27.8405846063359,-0.166681704755192
17,Biased-prior,Participants,202,0.138613861386139,2.49164961923118,-0.2649277497192,1.34097137648801,65.6902327428244,147.305268577852,1,1.41220155154216,64.3681503391326,171.202442257475,1,2.49164961923118,2.22672186951198,1.96179411979278,1.69686637007358,1.43193862035438,1.16701087063518,0.902083120915976,2.50751919201557,1.98731495280951,1.64556022564269,2.05371577175623,1.35652490076193,1.50287942860855,0.529123922702911,23.8971736796223,-1.32208240369188
17,Biased-prior,Winning model,280,0.165781864640425,3.29472548568588,-0.383166978598982,0.92603365314165,107.733013796538,232.370396402583,1,0.942909474786485,107.188873478344,259.456063782041,1,3.29472548568588,2.9115585070869,2.52839152848792,2.14522454988893,1.76205757128995,1.37889059269097,0.995723614091989,3.66375916181682,2.64497741931919,2.21184342375599,2.10179374845666,1.86048985971731,1.54934923343788,0.868556150103294,27.0856673794586,-0.54414031819384
18,Biased-prior,Participants,143,0.244755244755245,0.932171976120279,-0.0125191796004578,3.2593229558427,53.8635571608921,122.615648212564,1,3.35464673616175,46.5787792880414,132.860315618162,1,0.932171976120279,0.919652796519821,0.907133616919364,0.894614437318906,0.882095257718448,0.86957607811799,0.857056898517532,0.746670543854793,1.10735047963366,0.918396471244654,1.43462893325371,1.365691275733,0.653149643383415,0.3384556145263,10.2446674055981,-7.2847778728507
18,Biased-prior,Winning model,280,0.322662252292085,1.313972822637,-0.194634493590301,1.69379242956515,135.23215454748,287.368677904468,1,1.69602445375494,134.843478892224,314.765274609802,1,1.313972822637,1.1193383290467,0.924703835456396,0.730069341866094,0.535434848275793,0.340800354685492,0.146165861095191,1.21808657309055,1.10667230687051,0.956545223331427,0.833051552182871,0.588088374004021,0.379083930652422,0.0233879385823617,27.3965967053339,-0.388675655256179
19,Biased-prior,Participants,136,0.264705882352941,1.87001744891315,-0.195466556982756,0.744383267970654,73.0138653952729,160.765695447754,1,0.91210345417041,68.0355282802636,175.372295646416,1,1.87001744891315,1.67455089193039,1.47908433494764,1.28361777796488,1.08815122098212,0.892684663999369,0.697218107016614,2.3579590147958,0.996215439663136,0.1508450936617,1.2652123910398,2.45297080281426,0.786248364453525,0.920672537540129,14.6066001986618,-4.97833711500924
19,Biased-prior,Winning model,280,0.29429597726921,2.48984324831747,-0.330738781788464,0.645817298574121,156.92032160063,330.745012010767,1,0.650896531087163,156.768428209013,358.61517324338,1,2.48984324831747,2.159104466529,1.82836568474054,1.49762690295207,1.16688812116361,0.836149339375145,0.50541055758668,2.58033709862403,2.05114606810872,1.67775600933426,1.47798506837506,1.26913827270985,0.983693389413207,0.365614948051407,27.8701612326129,-0.15189339161671
20,Biased-prior,Participants,109,0.321100917431193,0.651337282520535,0.873954265417362,0.389292052707606,62.8853520954299,139.844747837547,1,0.531819667237796,58.0035912669704,153.537965591774,1,0.651337282520535,1.5252915479379,2.39924581335526,3.27320007877262,4.14715434418998,5.02110860960735,5.89506287502471,-0.263611569657365,3.11952643553858,2.56846144798416,3.73026297792637,1.65034583435292,5,1.73061216451798,13.6932177542266,-4.88176082845956
20,Biased-prior,Winning model,280,0.38010224172973,1.88367778054276,-0.259692289701696,0.424817834755651,179.780113478689,376.464595766886,1,0.417769557883944,179.684828403886,404.447973633126,1,1.88367778054276,1.62398549084107,1.36429320113937,1.10460091143767,0.844908621735978,0.585216332034283,0.325524042332587,1.77862333115899,1.61886220092462,1.46619467703052,1.16354835273942,1.1136699382525,0.566180168159555,0.160706799752214,27.9833778662408,-0.0952850748027174
21,Biased-prior,Participants,218,0.0963302752293578,4.11934994678594,-0.137642870722533,0.647437061918881,62.0347527595472,140.222990707462,1,0.711175164743276,58.3095384449746,159.695037392262,1,4.11934994678594,3.98170707606341,3.84406420534088,3.70642133461834,3.56877846389581,3.43113559317328,3.29349272245074,3.20411910612025,4.35263451279997,3.82571116381161,2.51155868872636,4.99999999999989,4.44865876918574,2.2154377944955,19.4720466848001,-3.72521431457265
21,Biased-prior,Winning model,280,0.116309374351963,4.99999999999999,-0.376882161094346,0.569331483025789,92.6356490535635,202.175666916635,1,0.552971793096955,92.3713150953172,229.820947015988,1,4.99999999999999,4.62311783890564,4.2462356778113,3.86935351671695,3.4924713556226,3.11558919452826,2.73870703343391,5,4.99999999999922,4.42168392151899,4.33475689241078,3.21936059947137,3.29599305576523,2.76893653124774,27.6452800993536,-0.264333958246297
22,Cost-to-sample,Participants,179,0.17877094972067,2.34604169930987,-0.230388703162657,1.00200850297902,75.9230218729261,167.408201163374,1,1.10891667870068,71.2649834226925,184.029053292111,1,2.34604169930987,2.11565299614722,1.88526429298456,1.6548755898219,1.42448688665925,1.19409818349659,0.963709480333933,2.07977019508632,2.38703447818787,1.39130113444875,2.59226966800604,0.56906722738777,0.943564885895744,1.69741313448754,16.6208521287367,-4.65803845023356
22,Cost-to-sample,Winning model,280,0.240579320826036,2.65962443198494,-0.385378635140597,1.00149406090302,129.965371387756,276.835111585019,1,0.998299084537827,129.913902553902,304.906121933159,1,2.65962443198494,2.27424579684434,1.88886716170374,1.50348852656315,1.11810989142255,0.732731256281953,0.347352621141356,2.67502819069298,2.26539903917178,1.81907355009399,1.53179409109519,1.19146926812057,0.764260122669246,0.294577182765051,28.0710103481398,-0.0514688338532494
23,Biased-prior,Participants,215,0.116279069767442,2.13984652155008,-0.163295703105137,1.68070852721544,58.3272884164171,132.766490917217,1,1.77276836660014,56.9241249934947,156.813354212011,1,2.13984652155008,1.97655081844495,1.81325511533981,1.64995941223467,1.48666370912953,1.3233680060244,1.16007230291926,2.24257960693648,1.73919409128839,1.57521706478022,1.98631960542431,1.17351552657841,1.50965556732475,1.07208982089456,24.0468632947935,-1.4031634229224
23,Biased-prior,Winning model,280,0.175729622971355,3.01746113610903,-0.397308918248316,1.13993804087584,101.448645388532,219.801659586572,1,1.14676514452888,100.998112687819,247.074542200993,1,3.01746113610903,2.62015221786071,2.2228432996124,1.82553438136408,1.42822546311576,1.03091654486745,0.633607626619131,3.027671933531,2.4892388960087,2.10158021722985,1.81596014443513,1.55750321230976,1.22594778660363,0.44072640827955,27.2728826144207,-0.450532700712756
24,Biased-prior,Participants,188,0.164893617021277,1.64424472926212,-0.194252148671971,2.4782178602883,46.0198145237056,107.748954935901,1,2.51676959364315,45.3730732608518,132.637682224343,1,1.64424472926212,1.44999258059015,1.25574043191818,1.0614882832462,0.867236134574234,0.672983985902263,0.478731837230292,1.53072248462966,1.72779353585,1.22430268874913,1.04546882111339,0.734665222438976,0.648527868835575,0.547427514689757,24.8887272884423,-0.646741262853716
24,Biased-prior,Winning model,280,0.214045054605413,2.19188649888214,-0.316917073637916,1.58182414457778,98.8434163135363,214.59120143658,1,1.58496698928263,98.4893128772492,242.056942579852,1,2.19188649888214,1.87496942524422,1.5580523516063,1.24113527796839,0.924218204330473,0.607301130692557,0.290384057054641,2.10381693918114,1.83380347151333,1.61543994101582,1.1822882374722,1.08123893179208,0.668656119783387,0.182056391895981,27.4657411432721,-0.35410343628709
25,Biased-prior,Participants,69,0.565217391304348,-2.71035237524663,1.27994773456899,0.149249524187195,46.6481255297807,105.998570573353,1,0.32777200794629,42.1770742648023,118.227000566383,1,-2.71035237524663,-1.43040464067764,-0.150456906108653,1.12949082846033,2.40943856302932,3.68938629759831,4.9693340321673,-0.0834102556438951,-3.54658104270433,-5,4.99999999999982,5,5,5,12.2284299930296,-4.47105126497834
25,Biased-prior,Winning model,280,0.559379264848791,-4.99999999999998,0.625253310803658,0.0717610066405432,191.903847146235,400.712063101977,1,0.0632275595734581,191.821503663305,428.721324151964,1,-4.99999999999998,-4.37474668919632,-3.74949337839266,-3.12424006758901,-2.49898675678535,-1.87373344598169,-1.24848013517803,-5,-4.99999999998599,-4.43580846668911,-4.32286012290611,-3.48325005892346,-2.70959153137511,-0.0369007869477969,28.0092610499872,-0.0823434829295593
26,Cost-to-sample,Participants,134,0.283582089552239,4.99999999999998,-0.817573191166146,0.261340040162999,78.5587342411975,171.810987882248,1,0.425081836382225,73.6675801629968,186.517878725601,1,4.99999999999998,4.18242680883383,3.36485361766768,2.54728042650154,1.72970723533539,0.912134044169246,0.0945608530030997,2.18329620975818,4.99999999990487,2.67219946589659,0.654614037530643,-0.587049659625303,3.34533619577685,-0.805240422508512,14.7068908433532,-4.89115407820066
26,Cost-to-sample,Winning model,280,0.33027777409579,4.99999999999999,-0.675692178806667,0.226691519990835,175.477319698257,367.859008206023,1,0.209268653686639,175.214612463624,395.507541752602,1,4.99999999999999,4.32430782119332,3.64861564238665,2.97292346357999,2.29723128477332,1.62153910596665,0.945846927159986,5,4.99999999999879,4.11780254860106,3.68654705017142,2.39221036902498,1.92593094056307,0.60314435573396,27.6485335465792,-0.262707234633524
27,Biased-prior,Participants,234,0.0598290598290598,5,0.106559581904504,0.526393522294887,53.6408195567283,123.64760245953,1,0.784931204717044,50.5337739502663,144.710116823394,1,5,5.1065595819045,5.21311916380901,5.31967874571351,5.42623832761801,5.53279790952252,5.63935749142702,2.79804239758245,5,4.74210090138088,3.22363577111325,3.46059476560012,5,3.04060299860618,21.0625143638647,-3.10704560646194
27,Biased-prior,Winning model,280,0.113659098471244,4.11283258132599,-0.426037056049781,0.872292614741608,84.3533104023526,185.610989614213,1,0.873176557826315,84.208406038218,213.49512890179,1,4.11283258132599,3.68679552527621,3.26075846922643,2.83472141317665,2.40868435712686,1.98264730107708,1.5566102450273,4.46229327338082,3.67404356588732,3.08918654154473,2.71087836197596,2.3444964396077,2.12207975257312,1.54195274781035,27.8841392875771,-0.14490436413459
28,Biased-prior,Participants,45,0.888888888888889,-4.99999999999999,1.81280947708957,0.547673625323643,11.9386057821181,35.2971990335471,1,0.741298083009363,5.51630049339419,41.4859009049509,1,-4.99999999999999,-3.18719052291043,-1.37438104582086,0.438428431268709,2.25123790835828,4.06404738544784,5.87685686253741,-5,5,4.9999999999995,5,5,-5,5,6.18870187140387,-6.42230528872386
28,Biased-prior,Winning model,280,0.723400107449125,-1.15206618057822,0.0966077223856567,1.83151756612982,110.042503670186,236.98937614988,1,2.0331449626734,101.943632176943,248.965581179239,1,-1.15206618057822,-1.05545845819256,-0.958850735806903,-0.862243013421246,-0.765635291035589,-0.669027568649933,-0.572419846264276,-1.89335314934384,-0.961878242528004,-0.612075647665426,-0.504527274785332,-0.588902911426742,-0.567105059528869,-1.06091541504938,11.9762050293595,-8.09887149324337
29,Biased-prior,Participants,212,0.0943396226415094,2.04625364231327,0.0701161239443255,1.4966093958046,41.0171993018495,98.1041574277151,1,1.62158141581872,38.7742006353031,120.401091467982,1,2.04625364231327,2.1163697662576,2.18648589020192,2.25660201414625,2.32671813809058,2.3968342620349,2.46695038597923,2.21385565484729,2.11057618079965,1.56439037974051,1.85558665736078,2.56528956409107,3.24879237295769,2.14340533873941,22.2969340402673,-2.2429986665464
29,Biased-prior,Winning model,280,0.108295679016883,5,-0.363883525425728,0.592907047953695,89.1094246080092,195.123218025526,1,0.595642629180405,88.7883838454773,222.655084516309,1,5,4.63611647457427,4.27223294914854,3.90834942372281,3.54446589829709,3.18058237287136,2.81669884744563,4.99999999999982,4.56779707433728,4.03775803377934,3.94583451517811,3.54934256556054,3.69893963394581,2.51004518714706,27.5318664907823,-0.321040762531979
30,Cost-to-sample,Participants,201,0.174129353233831,2.94798816901319,-0.52017218839281,1.28201692916618,67.7722882540229,151.454491232223,1,1.34319004975583,64.5912410523516,171.608921369176,1,2.94798816901319,2.42781598062038,1.90764379222757,1.38747160383476,0.867299415441949,0.347127227049139,-0.17304496134367,2.12022518228606,3.10418931495508,2.02237800391052,1.30427026877974,1.2952385354532,0.286315991934618,-0.7463216268859,20.1544301369528,-3.18104720167126
30,Cost-to-sample,Winning model,280,0.207948006371176,2.71021553958006,-0.419720256951567,1.3122800132876,105.789257632828,228.482884075164,1,1.31017555372297,105.735548612497,256.549414050349,1,2.71021553958006,2.2904952826285,1.87077502567693,1.45105476872536,1.0313345117738,0.611614254822228,0.19189399787066,2.7252033302882,2.29298203577051,1.81697446361035,1.45658467985689,1.07976542904364,0.662347178812825,0.141020592734265,28.0665299751844,-0.0537090203309134
32,Biased-prior,Participants,70,0.5,-1.54247080967404,3,1.27692946251065,16.3983328552066,45.5421514365613,1,1.03261941438207,14.6932174541837,63.3743968447623,1,-1.54247080967404,1.45752919032596,4.45752919032596,7.45752919032596,10.457529190326,13.457529190326,16.457529190326,-2.04551533045646,5,5,5,5,5,4.99999999999996,17.8322454082011,-1.70511540102287
32,Biased-prior,Winning model,280,0.517788064543445,0.0881150885445487,-0.0792512671862653,0.547696331412214,184.493709295072,385.891787399651,1,0.537819656548565,183.608737821429,412.295792468212,1,0.0881150885445487,0.00886382135828345,-0.0703874458279818,-0.149638713014247,-0.228889980200512,-0.308141247386778,-0.387392514573043,-0.360294799556485,0.00910006257343809,0.0950966185474584,0.362847779769836,-0.0678713044397448,-0.364313835034475,-0.775628481367481,26.4040050685605,-0.884971473642878
33,Cost-to-sample,Participants,280,0,2.42358585097608,2.72982072669516,30.8064973209581,2.80000002806933e-06,16.9043744095078,1,30.8064973209581,2.80000002806933e-06,45.0783224253541,1,2.42358585097608,5.15340657767124,7.8832273043664,10.6130480310616,13.3428687577567,16.0726894844519,18.802510211147,2.42358585097608,4.9999,4.9999,4.9999,4.9999,4.9999,4.9999,28.1739480158462,0
33,Cost-to-sample,Winning model,280,3.95434756272592e-26,2.42358585097608,2.72982072669516,30.8064973209581,2.80000002806933e-06,16.9043744095078,1,30.8064973209581,2.80000002806933e-06,45.0783224253541,1,2.42358585097608,5.15340657767124,7.8832273043664,10.6130480310616,13.3428687577567,16.0726894844519,18.802510211147,2.42358585097608,4.9999,4.9999,4.9999,4.9999,4.9999,4.9999,28.1739480158462,0
34,Cost-to-sample,Participants,166,0.210843373493976,1.86380416515382,-0.124330176846132,1.16171940037449,64.6459916111453,144.62794658736,1,1.29029202988896,60.3870271948978,161.669956696648,1,1.86380416515382,1.73947398830769,1.61514381146156,1.49081363461543,1.3664834577693,1.24215328092316,1.11782310407703,1.28566064121859,2.02883287021316,1.34737361881116,2.43512527573373,1.71980745046429,0.763625329002573,0.377692251079196,17.0420101092878,-4.25896441624748
34,Cost-to-sample,Winning model,280,0.255411928829471,2.5370359103781,-0.383568197221792,1.03301870129039,124.217795016769,265.339958843045,1,1.04352592965851,124.042344667895,293.163006161145,1,2.5370359103781,2.15346771315631,1.76989951593452,1.38633131871272,1.00276312149093,0.61919492426914,0.235626727047348,2.41389477563181,2.11185733848432,1.71540191166094,1.45361544862423,1.09524694326018,0.693209370239581,0.106628318495781,27.8230473180995,-0.175450348873397
35,Cost-to-sample,Participants,55,0.690909090909091,-1.54631319195592,1.51090469041146,2.5178320041835,14.7042174914974,41.4304345386922,1,2.29815164895192,14.0782214231477,60.2151083281551,1,-1.54631319195592,-0.0354085015444574,1.475496188867,2.98640087927846,4.49730556968992,6.00821026010138,7.51911495051284,-1.64651125138056,0.357399196129437,1.01633705400562,4.99999997505386,4.99999982863181,5,5,18.7846737894629,-0.625996068349732
35,Cost-to-sample,Winning model,280,0.690750764217692,-4.99999999999994,-0.144359641984602,0.143094569271093,173.863145070794,364.630658951096,1,0.155075158449048,173.918709839833,392.915736505021,1,-4.99999999999994,-5.14435964198454,-5.28871928396915,-5.43307892595375,-5.57743856793835,-5.72179820992295,-5.86615785190756,-5,-5,-4.99999999999907,-5,-5,-5,-4.9999999999997,28.2850775539248,0.0555647690392505
36,Biased-prior,Participants,171,0.192982456140351,1.64923775551773,-0.170349296243066,1.7675371939404,56.7878637428327,129.000718155173,1,2.04030666008856,51.7563761589026,144.646060769826,1,1.64923775551773,1.47888845927467,1.3085391630316,1.13818986678854,0.967840570545469,0.797491274302403,0.627141978059337,1.22566662785219,1.68008357703213,1.52902584854155,1.04388556052392,1.71843703645656,0.158516534966059,0.328178003639422,15.6453426146531,-5.03148758393012
36,Biased-prior,Winning model,280,0.245600602205611,2.10143603252788,-0.30957164746324,1.36462953260329,115.067257252119,247.038883313746,1,1.3706856123962,114.819988839651,274.718294504655,1,2.10143603252788,1.79186438506464,1.4822927376014,1.17272109013816,0.863149442674917,0.553577795211677,0.244006147748437,2.10485467880884,1.62972180943501,1.50597075059189,1.24064539433994,0.934107919926912,0.610135977305037,0.130664780764864,27.6794111909089,-0.247268412468685
37,Cost-to-sample,Participants,196,0.142857142857143,2.29352099745078,-0.212429424799657,1.44747517417542,62.0794057684572,139.993155514606,1,1.5174189275028,57.6785382750297,157.581993823903,1,2.29352099745078,2.08109157265112,1.86866214785147,1.65623272305181,1.44380329825215,1.2313738734525,1.01894444865284,1.8337883584754,2.88469025471964,1.65441101859881,2.23809909241014,1.72902215736982,0.602666132463174,1.02017690015024,17.5888383092974,-4.40086749342756
37,Cost-to-sample,Winning model,280,0.191507096880652,3.35516378654529,-0.498926943830529,1.04677917483764,107.925893323619,232.756155456747,1,1.05822331692774,107.829391286396,260.737099398146,1,3.35516378654529,2.85623684271477,2.35730989888424,1.85838295505371,1.35945601122318,0.86052906739265,0.361602123562121,3.36006654649403,2.82248261787205,2.27205826518983,1.80039887650981,1.42786092591366,0.945508706093467,0.277974517018743,27.9809439413994,-0.096502037223388
39,Cost-to-sample,Participants,206,0.111650485436893,2.53820041455917,-0.0823353581563073,1.01198850944504,67.4201690772395,150.823966660848,1,1.0817060726,63.8457725020959,170.314554354509,1,2.53820041455917,2.45586505640286,2.37352969824656,2.29119434009025,2.20885898193394,2.12652362377764,2.04418826562133,2.11544390541352,3.67489197046435,1.64566948727652,2.68420792591829,2.33576106537918,1.57618665922644,2.26097422755491,19.4905876936607,-3.5743965751436
39,Cost-to-sample,Winning model,280,0.180658588371128,4.99999999999995,-0.714586680943637,0.63935564041186,114.618817360065,246.142003529639,1,0.613394314740281,114.574068452493,274.226453730339,1,4.99999999999995,4.28541331905631,3.57082663811267,2.85623995716904,2.1416532762254,1.42706659528176,0.712479914338128,4.99999999999954,4.59636876230948,3.7399864416504,3.01564129300903,2.20789522397437,1.53553212132022,0.674633326882216,28.0844502007006,-0.0447489075728242
40,Biased-prior,Participants,185,0.140540540540541,1.48459567523779,-0.0428268906798901,2.06923114378988,50.5933103883587,116.847688251952,1,2.18677239288164,49.5669740905666,140.89679478176,1,1.48459567523779,1.4417687845579,1.39894189387801,1.35611500319812,1.31328811251823,1.27046122183834,1.22763433115845,1.28216488439415,1.44226503557567,1.55995068502035,1.49174029503774,1.29723061872369,0.818829841962073,1.18553929219664,24.0491065298075,-1.02633629779205
40,Biased-prior,Winning model,280,0.228907005966385,2.33749746850738,-0.309788606895669,1.13101914096382,120.323248097965,257.550865005437,1,1.13695354797087,120.117635096596,285.313587018547,1,2.33749746850738,2.02770886161172,1.71792025471605,1.40813164782038,1.09834304092471,0.788554434029038,0.478765827133368,2.4365156256275,1.97073319471484,1.60102504403587,1.38456019323932,1.1658304570611,0.917767740017668,0.384135854965749,27.7627220131094,-0.205613001368405
41,Biased-prior,Participants,221,0.104072398190045,2.19334393233744,-0.126857346808531,1.68348911431645,53.5338327702329,123.262153645019,1,1.69096203167763,52.6837853059263,148.552872223995,1,2.19334393233744,2.06648658552891,1.93962923872038,1.81277189191185,1.68591454510331,1.55905719829478,1.43219985148625,2.55986647991046,1.84502776390368,1.81729489126686,2.01533686877352,1.67346914498242,1.36179181135456,1.67253166753897,25.2907185789755,-0.850047464306613
41,Biased-prior,Winning model,280,0.122492190653699,3.95916744036598,-0.403879180554602,0.871640191539604,87.9584957732309,192.82136035597,1,0.866006845979675,87.8364154944957,220.751147814345,1,3.95916744036598,3.55528825981138,3.15140907925677,2.74752989870217,2.34365071814757,1.93977153759297,1.53589235703837,4.32093512589167,3.57697231262004,2.9732148346111,2.71114805012231,2.34382346329765,2.05893504498823,1.51634303256118,27.9297874583759,-0.122080278735169
42,Biased-prior,Participants,108,0.361111111111111,4.27648744499773,-0.634847099747529,0.168083447327309,69.9043101442049,153.855013969782,1,0.224858816515318,67.6624999363739,172.782049689742,1,4.27648744499773,3.6416403452502,3.00679324550267,2.37194614575514,1.73709904600761,1.10225194626008,0.467404846512554,4.26743458693507,0.241975912358948,3.28875365713498,4.99999999999892,-0.13236211814242,-0.0290169359580519,0.865873392481776,18.9270357199593,-2.24181020783092
42,Biased-prior,Winning model,280,0.397288505095277,1.74354828449911,-0.226558661901689,0.408318441360959,181.922059226116,380.748487261739,1,0.407555554861226,181.868300484521,408.814917794397,1,1.74354828449911,1.51698962259742,1.29043096069573,1.06387229879404,0.837313636892354,0.610754974990665,0.384196313088975,1.75492748945724,1.3476111122662,1.40677913071235,1.11383036260032,0.969289577031725,0.52966153742358,0.335762677920794,28.0664305326575,-0.0537587415944074
43,Biased-prior,Participants,205,0.117073170731707,2.73207419472325,-0.233825566496323,1.18784097140553,54.0105650669323,123.99016007128,1,1.3341964158826,47.2495224091182,137.083124651344,1,2.73207419472325,2.49824862822692,2.2644230617306,2.03059749523428,1.79677192873796,1.56294636224163,1.32912079574531,2.66112521092866,4.99999999999973,1.83585754874037,0.957081186945822,1.98319816580571,1.97133766401551,1.40266727604626,13.0929645800638,-6.76104265781412
43,Biased-prior,Winning model,280,0.191367321455701,3.86803110410134,-0.544784781532968,0.809312572522428,111.27352649594,239.451421801388,1,0.821785374806626,111.124732516149,267.327781857652,1,3.86803110410134,3.32324632256837,2.7784615410354,2.23367675950244,1.68889197796947,1.1441071964365,0.59932241490353,3.9355457182078,3.15198826806441,2.59035582396365,2.24152512034933,1.75293146651768,1.26603305247344,0.474639347425268,27.8763600562644,-0.148793979790909
44,Biased-prior,Participants,52,0.75,-4.99999999999998,2.56378562881125,0.433161856728172,17.9911105656183,47.8359522869809,1,0.568328304286976,11.7515556676445,55.1130610839405,1,-4.99999999999998,-2.43621437118873,0.127571257622517,2.69135688643376,5.25514251524501,7.81892814405626,10.3827137728675,-5,5,4.99999999999999,5,5,5,5,7.27710879695962,-6.23955489797376
44,Biased-prior,Winning model,280,0.699053597258421,-1.54501227393727,-0.014914560197222,0.589674059394775,163.306303782701,343.516976374909,1,0.584657062550915,162.111127834944,369.300572495242,1,-1.54501227393727,-1.5599268341345,-1.57484139433172,-1.58975595452894,-1.60467051472616,-1.61958507492339,-1.63449963512061,-1.98889257657123,-1.68559526266385,-1.33231048961306,-1.21677016668245,-1.16210875087525,-1.80704689417325,-2.14307959643473,25.783596120333,-1.19517594775661
45,Biased-prior,Participants,195,0.148717948717949,2.86947474187993,-0.261142685999039,0.945618516794202,67.7790881081167,151.377174891925,1,0.980385845522607,65.6923534782437,173.568703424997,1,2.86947474187993,2.60833205588089,2.34718936988185,2.08604668388281,1.82490399788377,1.56376131188473,1.30261862588569,2.97328017477628,2.40059055315282,1.71281507199049,2.4134920180964,2.91392637408932,1.33777587984362,1.00157031101037,22.1915285330726,-2.08673462987305
45,Biased-prior,Winning model,280,0.194748075191063,3.71808273766554,-0.523602349028368,0.781327473850405,115.654983635728,248.214336080963,1,0.76956468851452,115.247416409946,275.573149645247,1,3.71808273766554,3.19448038863718,2.67087803960881,2.14727569058044,1.62367334155207,1.1000709925237,0.576468643495336,3.73661016558623,2.98099974727182,2.60235070142107,2.36081751358729,1.81744053470647,1.33128198897884,0.350507096216903,27.3588135642837,-0.407567225781293
47,Biased-prior,Participants,158,0.208860759493671,1.31762756259623,-0.0800048476508128,2.04569005945587,56.5097856401506,128.207356379382,1,1.99988823683114,53.9565806605391,148.413921585294,1,1.31762756259623,1.23762271494542,1.15761786729461,1.07761301964379,0.997608171992981,0.917603324342168,0.837598476691356,1.0979839436376,1.75197619985197,1.56644889839249,0.924203276492516,0.860500188278532,0.825818485145501,0.948164692644769,20.2065652059119,-2.55320497961145
47,Biased-prior,Winning model,280,0.263215187946384,1.7893606355665,-0.265809677547834,1.46537193105688,120.163164587365,257.230697984237,1,1.46291781348828,120.058203047047,285.194722919448,1,1.7893606355665,1.52355095801866,1.25774128047083,0.991931602922996,0.726121925375161,0.460312247827327,0.194502570279493,1.750283968835,1.55471297902322,1.24264106732125,0.986474234590388,0.774332893525162,0.52866045284383,0.115389564820438,27.9640249352109,-0.104961540317689
48,Biased-prior,Participants,57,0.684210526315789,-5,2.66305303744356,0.312621838362687,27.336567672439,66.8022891483817,1,0.427187678359167,20.8568983366349,74.0582068159462,1,-5,-2.33694696255644,0.326106074887128,2.98915911233069,5.65221214977425,8.31526518721782,10.9783182246614,-5,5,1.9273914068731,4.99999999999992,5,-0.325317223423753,4.99999999999988,7.25591766756456,-6.4796693358041
48,Biased-prior,Winning model,280,0.65140181888668,-1.00167048163532,-0.0448972592925498,0.588861406702968,170.63268662018,358.169742049868,1,0.599433646708093,170.036553885377,385.151424596108,1,-1.00167048163532,-1.04656774092787,-1.09146500022042,-1.13636225951297,-1.18125951880552,-1.22615677809807,-1.27105403739062,-1.319409040602,-1.05396147828053,-0.847972798135325,-0.744275310934839,-1.10757586638763,-1.21384943460435,-1.55458105616505,26.9816825462397,-0.596132734803291
49,Cost-to-sample,Participants,44,0.909090909090909,-4.99999999999999,2.32595660760202,0.483935580497057,13.3422917926979,38.0371524871506,1,0.502458475488087,12.8263927276655,55.9263025266771,1,-4.99999999999999,-2.67404339239797,-0.348086784795948,1.97786982280607,4.3038264304081,6.62978303801012,8.95573964561214,-5,-0.68308494745007,-4.99999999999983,5,5,5,-4.99999999874227,17.8891500395266,-0.515899065032375
49,Cost-to-sample,Winning model,280,0.904276733140369,-4.99999999999999,-0.0314735763627798,0.448604034150384,87.8976558153896,192.699680440287,1,0.457220126162068,87.9077408876853,220.893798600725,1,-4.99999999999999,-5.03147357636277,-5.06294715272555,-5.09442072908833,-5.12589430545111,-5.15736788181389,-5.18884145817667,-5,-4.99999999999999,-5,-5,-5,-5,-5,28.1941181604378,0.0100850722957802
50,Biased-prior,Participants,116,0.301724137931034,0.936901339541711,0.350079468158717,0.59161719784063,65.9538880019383,146.168546577196,1,0.652603506332831,64.2864215014728,166.601564531797,1,0.936901339541711,1.28698080770043,1.63706027585915,1.98713974401786,2.33721921217658,2.6872986803353,3.03737814849401,0.501678672870166,1.96348364731222,1.95317325015068,1.02341917645589,3.26257843055917,1.8197341078551,2.37907246622496,20.4330179546008,-1.66746650046549
50,Biased-prior,Winning model,280,0.375777432635361,1.28570664606526,-0.179802949635499,0.707132107312725,171.229124507881,359.362617825271,1,0.707953005117869,170.983246805164,387.044810435681,1,1.28570664606526,1.10590369642976,0.926100746794257,0.746297797158758,0.566494847523259,0.38669189788776,0.206888948252261,1.12445058606546,1.08844797802183,0.976788975713252,0.915038009903551,0.733699146158119,0.36513390606772,0.0322440425979957,27.6821926104108,-0.245877702717763
51,Biased-prior,Participants,119,0.277310924369748,0.925661643882584,0.976156025549451,0.409894338201975,64.1991251326523,142.735620744639,1,0.544449008935211,62.2389056523353,162.710799249563,1,0.925661643882584,1.90181766943204,2.87797369498149,3.85412972053094,4.83028574608039,5.80644177162984,6.78259779717929,0.45736720655687,2.24980577182257,3.36155418118395,1.81662574792952,2.26696145742739,4.99999889552204,4.99999503993875,19.9751785049236,-1.96021948031701
51,Biased-prior,Winning model,280,0.31981628273471,4.99999999999875,-0.31389546283529,0.18651735933628,174.052983289579,365.010335388665,1,0.189982342153274,174.041931024229,393.162178873812,1,4.99999999999875,4.68610453716346,4.37220907432817,4.05831361149288,3.74441814865759,3.4305226858223,3.11662722298701,4.99999999999354,4.61288527255122,4.1406191260992,3.88742394527563,3.70152018601161,3.52930257991599,3.00536140151584,28.1518434851464,-0.0110522653499174
52,Cost-to-sample,Participants,156,0.237179487179487,3.91338562123308,-0.54510134357173,0.46370273483659,80.9526673681467,177.054902758042,1,0.41951065323644,78.8630620567185,198.124972171433,1,3.91338562123308,3.36828427766135,2.82318293408961,2.27808159051788,1.73298024694615,1.18787890337442,0.642777559802693,3.89168225654782,4.42107278918129,2.34714664154577,2.76552213551708,2.67189324264881,3.17975113628556,-1.36448961250474,21.0700694133912,-2.08960531142823
52,Cost-to-sample,Winning model,280,0.280540541284799,4.99999999999978,-0.720409636788331,0.3622933894506,156.887308317399,330.678985444305,1,0.353124424296934,156.867940029817,358.814196884987,1,4.99999999999978,4.27959036321145,3.55918072642312,2.83877108963479,2.11836145284645,1.39795181605812,0.677542179269791,4.99999999999894,4.39032955414149,3.71568192265847,2.9926726946688,2.16762769400027,1.50004956539023,0.593136066842305,28.1352114406819,-0.0193682875821821
53,Biased-prior,Participants,234,0.0982905982905983,2.51003158778027,-0.296686939142162,2.13295324901746,45.1774951112367,106.720953568546,1,2.13767573555118,41.4133924529903,126.469353828842,1,2.51003158778027,2.2133446486381,1.91665770949594,1.61997077035378,1.32328383121162,1.02659689206945,0.729909952927291,4.9999999999923,5,1.91740983715358,1.23308559932011,1.07808546957974,1.13641340715452,1.08200981389534,19.7484002602958,-3.76410265824638
53,Biased-prior,Winning model,280,0.10620837439085,3.74709765192914,-0.443801677222416,1.1645582980975,72.1019663508692,161.108301511246,1,1.17404949113787,71.9256992369055,188.929715299165,1,3.74709765192914,3.30329597470673,2.85949429748431,2.41569262026189,1.97189094303948,1.52808926581706,1.08428758859464,4.07154400317423,3.03978402194362,2.7901470702624,2.30358931040771,2.01192859228882,1.62471212732001,1.02837998978,27.821413787919,-0.176267113963632
54,Biased-prior,Participants,138,0.202898550724638,0.894664136238039,0.575739615297052,0.861079464782618,53.6901126877673,122.161986431006,1,0.88296611186185,51.4452374386785,142.308504358615,1,0.894664136238039,1.47040375153509,2.04614336683214,2.6218829821292,3.19762259742625,3.7733622127233,4.34910182802035,0.628333123736711,2.43652566038582,1.72593498366436,3.18271494903247,2.18560867445999,4.99999999999925,3.92176101418126,20.1465179276085,-2.24487524908878
54,Biased-prior,Winning model,280,0.292991871403519,2.89812913711324,-0.388230497515288,0.538626902094682,159.05957378054,335.023516370588,1,0.527270985637235,158.861718563426,362.801753952207,1,2.89812913711324,2.50989863959795,2.12166814208266,1.73343764456738,1.34520714705209,0.9569766495368,0.568746152021513,2.82184145516715,2.47777555061873,2.18940817948401,1.88537978049683,1.55670894561104,1.13693946784352,0.309433987307422,27.7782375816184,-0.197855217113926
56,Biased-prior,Participants,200,0.12,2.16921428565062,-0.00979213746158836,1.13833947918864,58.3733143681361,132.641580835916,1,1.18247293715267,57.4914403915404,157.369419715465,1,2.16921428565062,2.15942214818903,2.14963001072744,2.13983787326586,2.13004573580427,2.12025359834268,2.11046146088109,1.77290463363966,2.58125476279804,2.12693842574815,2.13905454688741,2.05016977831895,1.68535798845222,2.23692257219492,24.7278388795488,-0.881873976595706
56,Biased-prior,Winning model,280,0.167087622641429,3.24165401030182,-0.389688936779468,0.956340691568442,102.389104487213,221.682577783934,1,0.958925198060374,102.323961941231,249.726240707816,1,3.24165401030182,2.85196507352236,2.46227613674289,2.07258719996342,1.68289826318395,1.29320932640448,0.903520389625014,3.1617377605688,2.81995439454739,2.52434639349706,2.01373159199256,1.73726778007296,1.37190170743526,0.822854826317613,28.0436629238823,-0.0651425459819706
57,Biased-prior,Participants,88,0.375,-2.10924538738834,2.99999999999999,0.381447640916273,37.7293562207279,88.8907228848905,1,0.540856509389148,33.5882257451808,102.995146006187,1,-2.10924538738834,0.890754612611649,3.89075461261164,6.89075461261164,9.89075461261163,12.8907546126116,15.8907546126116,-2.62643145251776,4.09930186811203,4.99999999999996,5,5,3.6324502138411,5,14.1044231212968,-4.14113047554711
57,Biased-prior,Winning model,280,0.488717588909257,4.99999999998608,-0.478752606048296,0.0125198742193692,193.999939363611,404.90424753673,1,0.0129379844072717,193.999759773326,433.077836372006,1,4.99999999998608,4.52124739393779,4.04249478788949,3.56374218184119,3.0849895757929,2.6062369697446,2.12748436369631,4.99999923506273,4.47295764119346,3.67398228967536,3.22061012137629,2.92803093295678,2.49344285156793,2.29997954967167,28.1735888352761,-0.000179590285114273
58,Cost-to-sample,Participants,61,0.622950819672131,-4.91050540830116,2.99999999999999,0.319665422998537,28.290120470612,68.9128625337439,1,0.473541500970812,20.3813113077621,73.6496135289106,1,-4.91050540830116,-1.91050540830117,1.08949459169882,4.08949459169881,7.0894945916988,10.0894945916988,13.0894945916988,-5,5,5,5,2.03800546060406,5,5,4.73675099516674,-7.90880916284991
58,Cost-to-sample,Winning model,280,0.62287896974222,-4.99999999999989,-0.150343508834837,0.0891319317715537,185.832502428828,388.569373667163,1,0.0971992053494707,185.857832784675,416.793982394704,1,-4.99999999999989,-5.15034350883472,-5.30068701766956,-5.4510305265044,-5.60137403533923,-5.75171754417407,-5.90206105300891,-4.99999986604998,-4.88960780129546,-4.9999901611316,-4.99996923227658,-4.99996157201013,-4.99999995495467,-4.99996340451642,28.2246087275412,0.0253303558474727
59,Biased-prior,Participants,208,0.120192307692308,2.15046189033736,-0.0914039989602382,1.41639074141395,49.9519583344321,115.916530907968,1,1.51892476116145,46.3623046392534,135.424913916117,1,2.15046189033736,2.05905789137712,1.96765389241688,1.87624989345665,1.78484589449641,1.69344189553617,1.60203789657593,1.78218957999482,1.67398742128047,2.91784708624703,2.66721414116784,1.51898908632786,1.17733426930856,1.81937332314489,19.5083830081493,-3.58965369517863
59,Biased-prior,Winning model,280,0.13304888590256,4.99999999999995,-0.530871333091103,0.645833128057866,94.7502300123042,206.404828834116,1,0.654466983947425,94.5526538188665,234.183624463087,1,4.99999999999995,4.46912866690885,3.93825733381774,3.40738600072664,2.87651466763554,2.34564333454443,1.81477200145333,4.99999999999914,4.05563429657059,3.83748027132633,3.43434887348992,3.13161953096809,2.40823862396373,1.62440066594016,27.7787956289708,-0.197576193437726
60,Cost-to-sample,Participants,42,0.952380952380952,-5,-2.99999999999994,0.604138237297845,8.0593797175912,27.3317682900325,1,0.611289662454515,8.12949034612362,46.1603376385142,1,-5,-7.99999999999994,-10.9999999999999,-13.9999999999998,-16.9999999999997,-19.9999999999997,-22.9999999999996,-4.9999999999999,-5,-5,-5,-5,-5,4.99991608319233,18.8285693484817,0.0701106285324133
60,Cost-to-sample,Winning model,280,0.952380853504805,-4.99999999999999,-0.119476773632885,0.566329699356614,55.6102862146482,128.124941238804,1,0.607441161770813,55.7454858263024,156.569288477959,1,-4.99999999999999,-5.11947677363288,-5.23895354726576,-5.35843032089865,-5.47790709453153,-5.59738386816442,-5.7168606417973,-4.99999999999991,-5,-5,-5,-5,-5,-5,28.4443472391546,0.135199611654166
61,Cost-to-sample,Participants,82,0.475609756097561,-0.20006728008831,0.958655224276723,0.113839993801915,56.378898455473,125.977954652739,1,0.223736673330115,50.1231545502609,135.500063078636,1,-0.20006728008831,0.758587944188413,1.71724316846514,2.67589839274186,3.63455361701858,4.5932088412953,5.55186406557203,-1.02918807656959,4.99999999999995,-5,4.95463353378187,-1.99836222634403,5,5,9.52210842589706,-6.2557439052121
61,Cost-to-sample,Winning model,280,0.493867624041265,0.655459093154999,-0.136801387377614,0.118619883479782,193.509672247343,403.923713304194,1,0.118718082728491,193.499332287821,432.076981400996,1,0.655459093154999,0.518657705777385,0.381856318399771,0.245054931022156,0.108253543644542,-0.028547843733072,-0.165349231110686,0.43342291994988,0.533476923696314,0.503625205689755,0.439690419518448,0.22091824081965,-0.0795485059447278,-0.33807992619974,28.1532680968025,-0.0103399595219003
62,Biased-prior,Participants,212,0.0943396226415094,2.09347308689899,-0.0112707342890861,1.40875024522496,52.989236940165,122.048232704346,1,1.64613328422233,50.3662924797058,143.585275156788,1,2.09347308689899,2.0822023526099,2.07093161832081,2.05966088403173,2.04839014974264,2.03711941545356,2.02584868116447,1.33851262022808,2.30036924055972,2.37723108668115,1.7643955850983,2.1328964952849,1.64857734595876,1.64558382201761,21.5370424524418,-2.62294446045912
62,Biased-prior,Winning model,280,0.127212442129505,4.66019597332625,-0.449575244807476,0.647053378963156,97.0498067001125,211.003982209733,1,0.650285378614917,96.9551888626566,238.988694550667,1,4.66019597332625,4.21062072851877,3.7610454837113,3.31147023890382,2.86189499409635,2.41231974928887,1.96274450448139,4.37618042502738,4.19511555338654,3.76456229550112,3.35753702366726,3.0188664369536,2.47180620984935,1.81063404030883,27.9847123409343,-0.0946178374559565
63,Cost-to-sample,Participants,64,0.578125,-3.42371700700439,3,0.443609587656394,27.186018098759,66.8486854475971,1,0.660451985067685,20.127767011053,73.5265986889833,1,-3.42371700700439,-0.423717007004394,2.57628299299561,5.57628299299561,8.5762829929956,11.5762829929956,14.5762829929956,-3.35685491225504,4.96521566305445,4.96723704079085,0.658470111332956,4.89492384958645,4.97795315907809,4.93338738293759,6.67791324138628,-7.05825108770604
63,Cost-to-sample,Winning model,280,0.563984653861027,-1.83009495640323,0.0477943988827678,0.155021215226137,190.920204889436,398.744778588379,1,0.155595056186713,190.917205047449,426.912726920252,1,-1.83009495640323,-1.78230055752046,-1.73450615863769,-1.68671175975492,-1.63891736087216,-1.59112296198939,-1.54332856310662,-1.92905108649232,-1.70891192905854,-1.69184706594761,-1.60108788845082,-1.66849401780912,-1.59950245461293,-1.56531591622692,28.1679483318728,-0.00299984198673542
64,Cost-to-sample,Participants,185,0.172972972972973,5,-0.600651681538119,0.455153171804062,81.2795772967972,178.220222068829,1,0.563455493370989,76.8728655581434,195.508577716913,1,5,4.39934831846188,3.79869663692376,3.19804495538564,2.59739327384752,1.9967415923094,1.39608991077128,3.01828897157662,4.98151086491617,4.39826812975605,2.44325999434825,2.17870640215987,0.224952816468506,2.33978539931332,17.288355648084,-4.4067117386538
64,Cost-to-sample,Winning model,280,0.222841756198839,4.99999999999997,-0.70522971867059,0.468572254686145,136.953268654653,290.810906118814,1,0.437474547485503,136.838093283551,318.754503392456,1,4.99999999999997,4.29477028132938,3.58954056265879,2.8843108439882,2.17908112531761,1.47385140664702,0.768621687976428,4.99999999999906,4.72508909434173,4.0654290522792,3.22243069868421,2.35311855912889,1.52340975884037,0.744826240060538,27.9435972736423,-0.115175371101969
