model_idx,sub_idx,configured_Cs,configured_BP,estimated_Cs,estimated_BP,configured_mean_samples
1,1,-5.5,-50,1.00925619986418,32.7785161600084,6.27
1,2,-5.5,-50,-0.784958775840721,24.5656137959956,6.27
1,3,-5.5,-50,-0.326777823368928,15.8873328908039,6.27
1,4,-5.5,-50,-1.93325682228271,30.7250671043151,6.27
1,5,-5.5,-50,-7.92642560414811,-31.9221961792894,6.27
1,6,-5.5,-50,-1.11713280502313,14.5524187892644,6.27
1,7,-5.5,-50,-6.24363913103714,-4.60678219942827,6.27
1,8,-5.5,-50,0.287581087494559,20.6699089383397,6.27
1,9,-5.5,-50,-7.6501366263994,-99.2335713576782,6.27
1,10,-5.5,-50,-1.37029754417969,38.1690974229477,6.27
1,11,-5.5,-50,-0.0610270538347777,32.882758321783,6.27
1,12,-5.5,-50,1.29471658363815,56.2090630081928,6.27
1,13,-5.5,-50,0.0605206562403851,18.9726281805035,6.27
1,14,-5.5,-50,1.55863853926448,52.6503878497871,6.27
1,15,-5.5,-50,-4.83313118943678,-12.5145892400427,6.27
1,16,-5.5,-50,-4.21553804221169,-19.7884386480854,6.27
1,17,-5.5,-50,-1.9229662903581,31.7367187557557,6.27
1,18,-5.5,-50,-1.51820208583153,27.6715811341937,6.27
1,19,-5.5,-50,-1.52792455935757,20.5223196007991,6.27
1,20,-5.5,-50,1.23945843817764,32.9902534992368,6.27
2,1,-3.375,-50,-1.28458629844211,-13.022829985954,5.32
2,2,-3.375,-50,-0.656652482379144,16.7730245876486,5.32
2,3,-3.375,-50,-0.326777823368928,15.8873328908039,5.32
2,4,-3.375,-50,-3.32987770552553,-80.2450493287745,5.32
2,5,-3.375,-50,-1.63009849568466,11.2160287851013,5.32
2,6,-3.375,-50,0.40689770845708,15.9688672780363,5.32
2,7,-3.375,-50,0.948526664873768,28.2048293732024,5.32
2,8,-3.375,-50,-4.89505764535613,-99.3742142271202,5.32
2,9,-3.375,-50,-3.24325319930531,-2.53573831822597,5.32
2,10,-3.375,-50,-3.03697014046747,-24.4795370236003,5.32
2,11,-3.375,-50,-3.5598135808533,-13.922958426315,5.32
2,12,-3.375,-50,2.45734181923638,58.8828614162411,5.32
2,13,-3.375,-50,6.66851696699801,59.6013204997084,5.32
2,14,-3.375,-50,-1.93333746855791,-8.81437837912218,5.32
2,15,-3.375,-50,-2.02443193289592,10.7140946400503,5.32
2,16,-3.375,-50,-4.04454920040784,-21.7584821804018,5.32
2,17,-3.375,-50,0.184518705350683,40.8574350935456,5.32
2,18,-3.375,-50,-3.45178639411311,-86.0961379300805,5.32
2,19,-3.375,-50,2.32894422636703,28.0428131828699,5.32
2,20,-3.375,-50,3.9193849595863,47.9006622135466,5.32
3,1,-1.25,-50,11.2638510765021,31.2130783951233,3.62
3,2,-1.25,-50,-0.276546486447387,-3.29118633765437,3.62
3,3,-1.25,-50,3.66749855363719,17.8035126974872,3.62
3,4,-1.25,-50,0.961131538320004,13.8056648197667,3.62
3,5,-1.25,-50,4.25616112027119,6.76633341701837,3.62
3,6,-1.25,-50,-0.589171830694596,-14.5447421823996,3.62
3,7,-1.25,-50,2.25919379326646,4.53434042301912,3.62
3,8,-1.25,-50,-1.00277485395918,-20.3798280977114,3.62
3,9,-1.25,-50,2.63109960391348,9.42254255700344,3.62
3,10,-1.25,-50,3.41896447663976,15.480146946545,3.62
3,11,-1.25,-50,7.86491415100414,23.2636593021303,3.62
3,12,-1.25,-50,-0.191970019697834,1.85727476936528,3.62
3,13,-1.25,-50,10.3012527522026,30.8912204282353,3.62
3,14,-1.25,-50,0.145033684660405,-7.55702812595311,3.62
3,15,-1.25,-50,-0.327543201285266,-5.40431693252356,3.62
3,16,-1.25,-50,-1.08014095571353,-7.78601684640559,3.62
3,17,-1.25,-50,-0.221734390119778,-5.63201264526069,3.62
3,18,-1.25,-50,1.68577714917852,15.1348318806258,3.62
3,19,-1.25,-50,-1.5002424960167,-40.1542687018797,3.62
3,20,-1.25,-50,1.88642110208232,3.70283452489622,3.62
4,1,0.875,-50,58.1492071288028,-30.5325997695115,1.04
4,2,0.875,-50,58.1492071288028,-30.5325997695115,1.04
4,3,0.875,-50,58.1492071288028,-30.5325997695115,1.04
4,4,0.875,-50,58.1492071288028,-30.5325997695115,1.04
4,5,0.875,-50,58.1492071288028,-30.5325997695115,1.04
4,6,0.875,-50,58.1492071288028,-30.5325997695115,1.04
4,7,0.875,-50,11.5498670758253,-11.3109360716133,1.04
4,8,0.875,-50,58.1492071288028,-30.5325997695115,1.04
4,9,0.875,-50,58.1492071288028,-30.5325997695115,1.04
4,10,0.875,-50,58.1492071288028,-30.5325997695115,1.04
4,11,0.875,-50,73.5309008059831,-53.9750657951515,1.04
4,12,0.875,-50,21.8169393805645,3.35875814093998,1.04
4,13,0.875,-50,7.76817971433744,-22.6567498268457,1.04
4,14,0.875,-50,58.1492071288028,-30.5325997695115,1.04
4,15,0.875,-50,30.9016994374947,-2.8421709430404e-14,1.04
4,16,0.875,-50,58.1492071288028,-30.5325997695115,1.04
4,17,0.875,-50,20.791169081776,-30.9016994374948,1.04
4,18,0.875,-50,58.1492071288028,-30.5325997695115,1.04
4,19,0.875,-50,58.1492071288028,-30.5325997695115,1.04
4,20,0.875,-50,58.1492071288028,-30.5325997695115,1.04
5,1,3,-50,58.1492071288028,-30.5325997695115,1
5,2,3,-50,58.1492071288028,-30.5325997695115,1
5,3,3,-50,58.1492071288028,-30.5325997695115,1
5,4,3,-50,58.1492071288028,-30.5325997695115,1
5,5,3,-50,58.1492071288028,-30.5325997695115,1
5,6,3,-50,58.1492071288028,-30.5325997695115,1
5,7,3,-50,58.1492071288028,-30.5325997695115,1
5,8,3,-50,58.1492071288028,-30.5325997695115,1
5,9,3,-50,58.1492071288028,-30.5325997695115,1
5,10,3,-50,58.1492071288028,-30.5325997695115,1
5,11,3,-50,73.5309008059831,-53.9750657951515,1
5,12,3,-50,58.1492071288028,-30.5325997695115,1
5,13,3,-50,73.5309008059831,-53.9750657951515,1
5,14,3,-50,58.1492071288028,-30.5325997695115,1
5,15,3,-50,30.9016994374947,-2.8421709430404e-14,1
5,16,3,-50,58.1492071288028,-30.5325997695115,1
5,17,3,-50,20.791169081776,-30.9016994374948,1
5,18,3,-50,58.1492071288028,-30.5325997695115,1
5,19,3,-50,58.1492071288028,-30.5325997695115,1
5,20,3,-50,58.1492071288028,-30.5325997695115,1
6,1,-5.5,-20,1.00925619986418,32.7785161600084,6.4
6,2,-5.5,-20,-2.16470868079716,15.6934899434279,6.4
6,3,-5.5,-20,-0.289583638656381,12.3289437263438,6.4
6,4,-5.5,-20,-1.93325682228271,30.7250671043151,6.4
6,5,-5.5,-20,-7.92642560414811,-31.9221961792894,6.4
6,6,-5.5,-20,-1.11713280502313,14.5524187892644,6.4
6,7,-5.5,-20,-0.378547954604699,30.9289724207639,6.4
6,8,-5.5,-20,0.287581087494559,20.6699089383397,6.4
6,9,-5.5,-20,-3.20946434685693,30.5780474193982,6.4
6,10,-5.5,-20,-0.736038014819485,26.3295043523373,6.4
6,11,-5.5,-20,-0.0610270538347777,32.882758321783,6.4
6,12,-5.5,-20,1.29471658363815,56.2090630081928,6.4
6,13,-5.5,-20,0.279949460454446,27.4375600892683,6.4
6,14,-5.5,-20,-0.400274648384652,44.1918985291403,6.4
6,15,-5.5,-20,-0.384357702902179,60.2132255706753,6.4
6,16,-5.5,-20,-5.82629191217762,-15.348474236647,6.4
6,17,-5.5,-20,-1.9229662903581,31.7367187557557,6.4
6,18,-5.5,-20,-4.18465338216424,12.6410043203925,6.4
6,19,-5.5,-20,-1.52792455935757,20.5223196007991,6.4
6,20,-5.5,-20,3.16731033038482,62.7766347053363,6.4
7,1,-3.375,-20,-2.41965920366643,-3.29874314825152,5.58
7,2,-3.375,-20,-0.170094453428433,23.3355914007795,5.58
7,3,-3.375,-20,-0.326777823368928,15.8873328908039,5.58
7,4,-3.375,-20,-2.51202833078874,-7.05550719847288,5.58
7,5,-3.375,-20,-1.63009849568466,11.2160287851013,5.58
7,6,-3.375,-20,-2.95113698389642,-6.33400711991567,5.58
7,7,-3.375,-20,0.948526664873768,28.2048293732024,5.58
7,8,-3.375,-20,-3.59013874226987,-42.6598219924706,5.58
7,9,-3.375,-20,-3.11109681877474,-11.5474575343669,5.58
7,10,-3.375,-20,-2.54692013064876,5.23184509176929,5.58
7,11,-3.375,-20,-3.5598135808533,-13.922958426315,5.58
7,12,-3.375,-20,1.29471658363815,56.2090630081928,5.58
7,13,-3.375,-20,6.66851696699801,59.6013204997084,5.58
7,14,-3.375,-20,-3.54764373962206,-23.895065656005,5.58
7,15,-3.375,-20,1.65133271274038,57.6690109557225,5.58
7,16,-3.375,-20,-4.04454920040784,-21.7584821804018,5.58
7,17,-3.375,-20,-1.9229662903581,31.7367187557557,5.58
7,18,-3.375,-20,-1.83602035382006,17.0775742222447,5.58
7,19,-3.375,-20,-2.10610339347076,12.0313814155677,5.58
7,20,-3.375,-20,3.9193849595863,47.9006622135466,5.58
8,1,-1.25,-20,-1.28458629844211,-13.022829985954,4.24
8,2,-1.25,-20,-0.276546486447387,-3.29118633765437,4.24
8,3,-1.25,-20,-1.1851485997522,-17.5493510873645,4.24
8,4,-1.25,-20,0.961131538320004,13.8056648197667,4.24
8,5,-1.25,-20,-0.778389536829977,-9.33574992327749,4.24
8,6,-1.25,-20,-0.878564991416823,-5.8421278082762,4.24
8,7,-1.25,-20,1.64044041399458,4.81342063253993,4.24
8,8,-1.25,-20,-1.00277485395918,-20.3798280977114,4.24
8,9,-1.25,-20,1.14544487818964,7.20029615100322,4.24
8,10,-1.25,-20,-0.633030601862899,-7.55111257646635,4.24
8,11,-1.25,-20,3.10836696450384,16.3433579597995,4.24
8,12,-1.25,-20,-1.59177324534016,-30.0324017551783,4.24
8,13,-1.25,-20,1.13866173442412,-2.16029524186413,4.24
8,14,-1.25,-20,-1.31965968457332,-8.9249366571706,4.24
8,15,-1.25,-20,2.02698136641746,20.8097707811784,4.24
8,16,-1.25,-20,-1.08014095571353,-7.78601684640559,4.24
8,17,-1.25,-20,-0.78689006528127,1.22811643415139,4.24
8,18,-1.25,-20,-1.6064200283291,-20.3420220771617,4.24
8,19,-1.25,-20,-1.92338903428529,-45.0842746976806,4.24
8,20,-1.25,-20,1.88642110208232,3.70283452489622,4.24
9,1,0.875,-20,5.70696794562886,1.82623464585561,1.72
9,2,0.875,-20,1.38594768521159,-9.64420601974889,1.72
9,3,0.875,-20,3.38770991407861,-2.21014470308434,1.72
9,4,0.875,-20,7.9059822368198,12.2985340097039,1.72
9,5,0.875,-20,3.98867920046295,-1.70403577622231,1.72
9,6,0.875,-20,7.1404059383234,-1.7977561965491,1.72
9,7,0.875,-20,7.73605632631795,6.99125121056296,1.72
9,8,0.875,-20,5.91151633641012,3.85939633138979,1.72
9,9,0.875,-20,1.73029903480466,-16.3610978663793,1.72
9,10,0.875,-20,2.44776511428388,-14.646381458967,1.72
9,11,0.875,-20,1.5696276090404,-15.1719784081387,1.72
9,12,0.875,-20,1.33256807556343,-15.8204197201053,1.72
9,13,0.875,-20,0.69690530522513,-22.4139606055075,1.72
9,14,0.875,-20,13.5017922367421,12.1073918312424,1.72
9,15,0.875,-20,30.9016994374947,-2.8421709430404e-14,1.72
9,16,0.875,-20,6.53158560289846,17.9314484653035,1.72
9,17,0.875,-20,20.791169081776,-30.9016994374948,1.72
9,18,0.875,-20,2.50968842275834,-12.0954315425946,1.72
9,19,0.875,-20,2.22725356442648,-6.5886575455188,1.72
9,20,0.875,-20,58.1492071288028,-30.5325997695115,1.72
10,1,3,-20,4.70441690506958,-22.5081358292991,1.26
10,2,3,-20,4.94939097987599,-8.39923111054047,1.26
10,3,3,-20,4.51582094458831,-14.5178563020579,1.26
10,4,3,-20,58.1492071288028,-30.5325997695115,1.26
10,5,3,-20,58.1492071288028,-30.5325997695115,1.26
10,6,3,-20,3.9000245592201,-17.4592388131949,1.26
10,7,3,-20,9.13850353902417,-0.663123209110168,1.26
10,8,3,-20,58.1492071288028,-30.5325997695115,1.26
10,9,3,-20,4.79151056706908,-19.4783696221161,1.26
10,10,3,-20,2.44776511428388,-14.646381458967,1.26
10,11,3,-20,5.95363692921151,-7.42372984726302,1.26
10,12,3,-20,5.70567900748804,-8.162336449609,1.26
10,13,3,-20,10.1727119112498,0.231140660832182,1.26
10,14,3,-20,58.1492071288028,-30.5325997695115,1.26
10,15,3,-20,30.9016994374947,-2.8421709430404e-14,1.26
10,16,3,-20,3.49378941413559,-12.9901797582691,1.26
10,17,3,-20,20.791169081776,-30.9016994374948,1.26
10,18,3,-20,10.565293145558,-9.3445599394568,1.26
10,19,3,-20,6.05249651110471,-2.88165038371137,1.26
10,20,3,-20,58.1492071288028,-30.5325997695115,1.26
11,1,-5.5,10,-3.89583177479598,19.3470591123645,6.82
11,2,-5.5,10,-2.16470868079716,15.6934899434279,6.82
11,3,-5.5,10,-9.33911096667914,-0.526401614757944,6.82
11,4,-5.5,10,-1.93325682228271,30.7250671043151,6.82
11,5,-5.5,10,-7.92642560414811,-31.9221961792894,6.82
11,6,-5.5,10,-8.12042901904172,-9.02631169122851,6.82
11,7,-5.5,10,-6.24363913103714,-4.60678219942827,6.82
11,8,-5.5,10,-5.03143722858263,8.66793137261919,6.82
11,9,-5.5,10,-6.04300357783774,7.69154588729137,6.82
11,10,-5.5,10,-5.4724626182204,25.2745934011422,6.82
11,11,-5.5,10,-4.41463258992954,29.2449903848561,6.82
11,12,-5.5,10,-1.21247251968683,57.1908182380769,6.82
11,13,-5.5,10,-4.05495260023295,12.3904207051065,6.82
11,14,-5.5,10,1.23752194102917,77.9922280510711,6.82
11,15,-5.5,10,-0.384357702902179,60.2132255706753,6.82
11,16,-5.5,10,-5.39197728288076,18.1675478611127,6.82
11,17,-5.5,10,-1.9229662903581,31.7367187557557,6.82
11,18,-5.5,10,-4.18465338216424,12.6410043203925,6.82
11,19,-5.5,10,-2.86787487353772,25.7698666429566,6.82
11,20,-5.5,10,-2.11623879565059,31.5410053718541,6.82
12,1,-3.375,10,-4.02321589888767,3.92331542961024,6.46
12,2,-3.375,10,-2.16470868079716,15.6934899434279,6.46
12,3,-3.375,10,-9.33911096667914,-0.526401614757944,6.46
12,4,-3.375,10,-1.93325682228271,30.7250671043151,6.46
12,5,-3.375,10,-2.94208943404652,10.550148122984,6.46
12,6,-3.375,10,-1.11713280502313,14.5524187892644,6.46
12,7,-3.375,10,-6.24363913103714,-4.60678219942827,6.46
12,8,-3.375,10,0.287581087494559,20.6699089383397,6.46
12,9,-3.375,10,-1.70257026310777,45.6937696709269,6.46
12,10,-3.375,10,-0.736038014819485,26.3295043523373,6.46
12,11,-3.375,10,-0.0610270538347777,32.882758321783,6.46
12,12,-3.375,10,-3.25157831163902,2.94915807460576,6.46
12,13,-3.375,10,-4.05495260023295,12.3904207051065,6.46
12,14,-3.375,10,-0.400274648384652,44.1918985291403,6.46
12,15,-3.375,10,-0.350861412107648,50.1433880253029,6.46
12,16,-3.375,10,-5.82629191217762,-15.348474236647,6.46
12,17,-3.375,10,-1.9229662903581,31.7367187557557,6.46
12,18,-3.375,10,-4.18465338216424,12.6410043203925,6.46
12,19,-3.375,10,-1.52792455935757,20.5223196007991,6.46
12,20,-3.375,10,2.09348440520863,47.0549520300754,6.46
13,1,-1.25,10,-1.52022176364547,10.7920244716581,5.41
13,2,-1.25,10,-2.16470868079716,15.6934899434279,5.41
13,3,-1.25,10,-0.326777823368928,15.8873328908039,5.41
13,4,-1.25,10,3.36460148877478,52.7228863634693,5.41
13,5,-1.25,10,0.843041165035402,10.972950524496,5.41
13,6,-1.25,10,-1.11713280502313,14.5524187892644,5.41
13,7,-1.25,10,5.88099883666091,62.0665295075727,5.41
13,8,-1.25,10,-0.148419217266621,18.9761775164542,5.41
13,9,-1.25,10,-0.80756012161099,13.6498205293598,5.41
13,10,-1.25,10,-2.54692013064876,5.23184509176929,5.41
13,11,-1.25,10,-1.5197013167422,1.87920070531345,5.41
13,12,-1.25,10,-1.15737335144614,10.2755660584206,5.41
13,13,-1.25,10,0.0605206562403851,18.9726281805035,5.41
13,14,-1.25,10,-1.93333746855791,-8.81437837912218,5.41
13,15,-1.25,10,-2.02443193289592,10.7140946400503,5.41
13,16,-1.25,10,-0.628908978001007,9.88523665506654,5.41
13,17,-1.25,10,-0.968239611400051,18.6742928643073,5.41
13,18,-1.25,10,-1.31411586129676,11.8891854224754,5.41
13,19,-1.25,10,-2.15018078975378,1.84623442638001,5.41
13,20,-1.25,10,-2.86094858833405,-74.3074237981334,5.41
14,1,0.875,10,-1.28458629844211,-13.022829985954,4.14
14,2,0.875,10,1.61996374822905,13.5511439133012,4.14
14,3,0.875,10,0.87759255571072,12.1276098692266,4.14
14,4,0.875,10,-0.329920294775562,-5.16491164547472,4.14
14,5,0.875,10,0.843041165035402,10.972950524496,4.14
14,6,0.875,10,0.864200730655426,10.5546140249214,4.14
14,7,0.875,10,0.519768075600396,7.89986131542886,4.14
14,8,0.875,10,4.03612667195239,24.5491381558128,4.14
14,9,0.875,10,1.14544487818964,7.20029615100322,4.14
14,10,0.875,10,3.41896447663976,15.480146946545,4.14
14,11,0.875,10,3.10836696450384,16.3433579597995,4.14
14,12,0.875,10,0.757826862883178,12.4372406380929,4.14
14,13,0.875,10,3.67644743594514,23.6402707739179,4.14
14,14,0.875,10,0.671426957582241,9.08883427882922,4.14
14,15,0.875,10,2.02698136641746,20.8097707811784,4.14
14,16,0.875,10,0.972712272061642,12.4180188038138,4.14
14,17,0.875,10,1.32627843298478,9.25713700245218,4.14
14,18,0.875,10,1.68577714917852,15.1348318806258,4.14
14,19,0.875,10,0.455396587389117,6.23490655937569,4.14
14,20,0.875,10,0.69834223375176,11.7821871066637,4.14
15,1,3,10,1.59228247572149,-5.37910840146405,2.94
15,2,3,10,2.02258290135664,7.21810634733913,2.94
15,3,3,10,3.16202706581615,11.4394483617827,2.94
15,4,3,10,4.06523929961963,7.05441642953559,2.94
15,5,3,10,0.843041165035402,10.972950524496,2.94
15,6,3,10,6.81475339424182,23.8200542482037,2.94
15,7,3,10,1.11933327186719,4.99604688966267,2.94
15,8,3,10,1.78860199774864,4.48435566287621,2.94
15,9,3,10,6.05951976465073,30.1798424337183,2.94
15,10,3,10,3.41896447663976,15.480146946545,2.94
15,11,3,10,3.10836696450384,16.3433579597995,2.94
15,12,3,10,1.93321673521403,4.48257744985665,2.94
15,13,3,10,1.13866173442412,-2.16029524186413,2.94
15,14,3,10,2.25236613521346,10.0361494573189,2.94
15,15,3,10,6.05812841121873,16.9716317590547,2.94
15,16,3,10,1.78084167564975,4.41392797555879,2.94
15,17,3,10,3.54900957491986,10.6223616395839,2.94
15,18,3,10,1.33236929208726,0.362632876373908,2.94
15,19,3,10,2.82692142507051,11.2825402416774,2.94
15,20,3,10,1.88642110208232,3.70283452489622,2.94
16,1,-5.5,40,-12.6361600297664,-20.7486109827587,7.48
16,2,-5.5,40,-14.5035240132065,-7.83456403327952,7.48
16,3,-5.5,40,-32.5568154457158,35.8367949545303,7.48
16,4,-5.5,40,-14.3536263761417,-5.72926945141225,7.48
16,5,-5.5,40,-2.3374340154313,59.0263860250509,7.48
16,6,-5.5,40,-10.8741198600938,-16.7447140421197,7.48
16,7,-5.5,40,-5.38137042520459,32.0065252937403,7.48
16,8,-5.5,40,-4.08617464552285,29.4639018852839,7.48
16,9,-5.5,40,-2.81466974569166,61.6387930647339,7.48
16,10,-5.5,40,-5.4724626182204,25.2745934011422,7.48
16,11,-5.5,40,-4.41463258992954,29.2449903848561,7.48
16,12,-5.5,40,-8.08671441005744,23.591466621272,7.48
16,13,-5.5,40,-5.09634395046058,49.6227675980353,7.48
16,14,-5.5,40,-15.6237270372735,6.53639742059877,7.48
16,15,-5.5,40,-8.81314912814398,-9.45741801484749,7.48
16,16,-5.5,40,-6.01099785681515,36.0784820088591,7.48
16,17,-5.5,40,-15.1720343296389,28.4503197629736,7.48
16,18,-5.5,40,-1.4772696639003,75.7969363915586,7.48
16,19,-5.5,40,-3.1206984295704,41.4035456022483,7.48
16,20,-5.5,40,-11.2543156224907,7.09285540749984,7.48
17,1,-3.375,40,-12.6361600297664,-20.7486109827587,7.31
17,2,-3.375,40,-2.58715908551744,57.0500507106894,7.31
17,3,-3.375,40,-9.33911096667914,-0.526401614757944,7.31
17,4,-3.375,40,0.196095697403393,65.2726676377523,7.31
17,5,-3.375,40,-2.3374340154313,59.0263860250509,7.31
17,6,-3.375,40,-10.8741198600938,-16.7447140421197,7.31
17,7,-3.375,40,-5.38137042520459,32.0065252937403,7.31
17,8,-3.375,40,-4.08617464552285,29.4639018852839,7.31
17,9,-3.375,40,-2.81466974569166,61.6387930647339,7.31
17,10,-3.375,40,-5.4724626182204,25.2745934011422,7.31
17,11,-3.375,40,-4.41463258992954,29.2449903848561,7.31
17,12,-3.375,40,-8.08671441005744,23.591466621272,7.31
17,13,-3.375,40,5.75795072315411,99.9763626835203,7.31
17,14,-3.375,40,-15.6237270372735,6.53639742059877,7.31
17,15,-3.375,40,-8.81314912814398,-9.45741801484749,7.31
17,16,-3.375,40,-5.39197728288076,18.1675478611127,7.31
17,17,-3.375,40,0.112610153157505,54.8711086043293,7.31
17,18,-3.375,40,-1.4772696639003,75.7969363915586,7.31
17,19,-3.375,40,-3.1206984295704,41.4035456022483,7.31
17,20,-3.375,40,2.66427859877321,98.7382933265184,7.31
18,1,-1.25,40,3.6308606946875,72.7446690709954,6.86
18,2,-1.25,40,-2.16470868079716,15.6934899434279,6.86
18,3,-1.25,40,-9.33911096667914,-0.526401614757944,6.86
18,4,-1.25,40,-3.70657915576544,28.8025204948673,6.86
18,5,-1.25,40,-4.22848567967036,31.3514696800215,6.86
18,6,-1.25,40,0.651958255976794,56.4140607220841,6.86
18,7,-1.25,40,-6.24363913103714,-4.60678219942827,6.86
18,8,-1.25,40,-4.08617464552285,29.4639018852839,6.86
18,9,-1.25,40,-6.04300357783774,7.69154588729137,6.86
18,10,-1.25,40,-5.4724626182204,25.2745934011422,6.86
18,11,-1.25,40,-4.41463258992954,29.2449903848561,6.86
18,12,-1.25,40,1.52459136576368,72.9790774285583,6.86
18,13,-1.25,40,5.75795072315411,99.9763626835203,6.86
18,14,-1.25,40,-15.6237270372735,6.53639742059877,6.86
18,15,-1.25,40,-4.12162298531567,11.8250684596943,6.86
18,16,-1.25,40,-0.765138979731148,32.4560885859032,6.86
18,17,-1.25,40,-1.9229662903581,31.7367187557557,6.86
18,18,-1.25,40,-4.18465338216424,12.6410043203925,6.86
18,19,-1.25,40,-1.52792455935757,20.5223196007991,6.86
18,20,-1.25,40,-2.11623879565059,31.5410053718541,6.86
19,1,0.875,40,3.6308606946875,72.7446690709954,6.31
19,2,0.875,40,-2.16470868079716,15.6934899434279,6.31
19,3,0.875,40,-1.53550046145318,23.3221466049832,6.31
19,4,0.875,40,3.36460148877478,52.7228863634693,6.31
19,5,0.875,40,-7.92642560414811,-31.9221961792894,6.31
19,6,0.875,40,-1.11713280502313,14.5524187892644,6.31
19,7,0.875,40,-6.24363913103714,-4.60678219942827,6.31
19,8,0.875,40,0.251588208365149,33.5548312913438,6.31
19,9,0.875,40,-0.243577428273639,28.5763669115736,6.31
19,10,0.875,40,0.595627301316014,32.9966895725027,6.31
19,11,0.875,40,-0.585842307155175,35.4494767658769,6.31
19,12,0.875,40,-3.25157831163902,2.94915807460576,6.31
19,13,0.875,40,-4.05495260023295,12.3904207051065,6.31
19,14,0.875,40,-0.497583618004199,37.0842569698881,6.31
19,15,0.875,40,-2.02443193289592,10.7140946400503,6.31
19,16,0.875,40,1.83577865267186,53.3840778027568,6.31
19,17,0.875,40,-0.609787500759452,32.3986825150424,6.31
19,18,0.875,40,0.56064973311814,30.9817040824806,6.31
19,19,0.875,40,-1.52792455935757,20.5223196007991,6.31
19,20,0.875,40,2.09348440520863,47.0549520300754,6.31
20,1,3,40,2.62739132450551,36.1398510073428,5.5
20,2,3,40,-2.16470868079716,15.6934899434279,5.5
20,3,3,40,-0.289583638656381,12.3289437263438,5.5
20,4,3,40,3.36460148877478,52.7228863634693,5.5
20,5,3,40,1.68854662646625,28.9029996066776,5.5
20,6,3,40,5.29944280425762,53.4682699357564,5.5
20,7,3,40,5.88099883666091,62.0665295075727,5.5
20,8,3,40,1.79390941192467,33.8670519487309,5.5
20,9,3,40,4.97296752907917,55.0033514717559,5.5
20,10,3,40,2.17533141802085,36.3902082114938,5.5
20,11,3,40,-1.5197013167422,1.87920070531345,5.5
20,12,3,40,2.02701873225463,34.0819021184848,5.5
20,13,3,40,6.66851696699801,59.6013204997084,5.5
20,14,3,40,-1.93333746855791,-8.81437837912218,5.5
20,15,3,40,0.0515105866892895,29.4927968471503,5.5
20,16,3,40,3.18522300852726,47.2259418825177,5.5
20,17,3,40,-0.968239611400051,18.6742928643073,5.5
20,18,3,40,1.68421392326394,32.7548949895436,5.5
20,19,3,40,4.56494672802299,67.6806813005306,5.5
20,20,3,40,3.9193849595863,47.9006622135466,5.5
21,1,-5.5,70,-4.84119952834212,79.6757019717306,7.68
21,2,-5.5,70,-14.5035240132065,-7.83456403327952,7.68
21,3,-5.5,70,-32.5568154457158,35.8367949545303,7.68
21,4,-5.5,70,-14.3536263761417,-5.72926945141225,7.68
21,5,-5.5,70,-8.94263003087976,30.1290946964025,7.68
21,6,-5.5,70,-25.6008189721707,35.020738125947,7.68
21,7,-5.5,70,-26.541173126367,16.1329216430235,7.68
21,8,-5.5,70,-4.08617464552285,29.4639018852839,7.68
21,9,-5.5,70,-2.81466974569166,61.6387930647339,7.68
21,10,-5.5,70,-5.4724626182204,25.2745934011422,7.68
21,11,-5.5,70,-14.4760340538229,30.9185707849657,7.68
21,12,-5.5,70,-8.08671441005744,23.591466621272,7.68
21,13,-5.5,70,-15.8394549956754,-11.0354933310584,7.68
21,14,-5.5,70,-15.6237270372735,6.53639742059877,7.68
21,15,-5.5,70,-20.1141908427255,-77.0238526689103,7.68
21,16,-5.5,70,-25.6008189721707,35.020738125947,7.68
21,17,-5.5,70,-15.1720343296389,28.4503197629736,7.68
21,18,-5.5,70,-1.4772696639003,75.7969363915586,7.68
21,19,-5.5,70,-18.2902696336894,14.0386776669726,7.68
21,20,-5.5,70,-11.2543156224907,7.09285540749984,7.68
22,1,-3.375,70,-4.84119952834212,79.6757019717306,7.57
22,2,-3.375,70,-14.5035240132065,-7.83456403327952,7.57
22,3,-3.375,70,-32.5568154457158,35.8367949545303,7.57
22,4,-3.375,70,-14.3536263761417,-5.72926945141225,7.57
22,5,-3.375,70,-2.3374340154313,59.0263860250509,7.57
22,6,-3.375,70,-25.6008189721707,35.020738125947,7.57
22,7,-3.375,70,-5.38137042520459,32.0065252937403,7.57
22,8,-3.375,70,-4.08617464552285,29.4639018852839,7.57
22,9,-3.375,70,-2.81466974569166,61.6387930647339,7.57
22,10,-3.375,70,-5.4724626182204,25.2745934011422,7.57
22,11,-3.375,70,-5.05339870513498,51.2732394153875,7.57
22,12,-3.375,70,-8.08671441005744,23.591466621272,7.57
22,13,-3.375,70,-5.09634395046058,49.6227675980353,7.57
22,14,-3.375,70,-15.6237270372735,6.53639742059877,7.57
22,15,-3.375,70,-8.81314912814398,-9.45741801484749,7.57
22,16,-3.375,70,-6.01099785681515,36.0784820088591,7.57
22,17,-3.375,70,-15.1720343296389,28.4503197629736,7.57
22,18,-3.375,70,-1.4772696639003,75.7969363915586,7.57
22,19,-3.375,70,-18.2902696336894,14.0386776669726,7.57
22,20,-3.375,70,-11.2543156224907,7.09285540749984,7.57
23,1,-1.25,70,-12.6361600297664,-20.7486109827587,7.41
23,2,-1.25,70,-2.58715908551744,57.0500507106894,7.41
23,3,-1.25,70,-32.5568154457158,35.8367949545303,7.41
23,4,-1.25,70,0.196095697403393,65.2726676377523,7.41
23,5,-1.25,70,-2.3374340154313,59.0263860250509,7.41
23,6,-1.25,70,0.651958255976794,56.4140607220841,7.41
23,7,-1.25,70,-5.38137042520459,32.0065252937403,7.41
23,8,-1.25,70,-4.08617464552285,29.4639018852839,7.41
23,9,-1.25,70,-2.81466974569166,61.6387930647339,7.41
23,10,-1.25,70,-5.4724626182204,25.2745934011422,7.41
23,11,-1.25,70,4.05527456008232,95.3934989805697,7.41
23,12,-1.25,70,-8.08671441005744,23.591466621272,7.41
23,13,-1.25,70,5.75795072315411,99.9763626835203,7.41
23,14,-1.25,70,-15.6237270372735,6.53639742059877,7.41
23,15,-1.25,70,-8.81314912814398,-9.45741801484749,7.41
23,16,-1.25,70,-5.39197728288076,18.1675478611127,7.41
23,17,-1.25,70,-15.1720343296389,28.4503197629736,7.41
23,18,-1.25,70,-1.4772696639003,75.7969363915586,7.41
23,19,-1.25,70,-3.1206984295704,41.4035456022483,7.41
23,20,-1.25,70,-11.2543156224907,7.09285540749984,7.41
24,1,0.875,70,-12.6361600297664,-20.7486109827587,7.09
24,2,0.875,70,5.63786354328411,99.9990077777115,7.09
24,3,0.875,70,-9.33911096667914,-0.526401614757944,7.09
24,4,0.875,70,0.196095697403393,65.2726676377523,7.09
24,5,0.875,70,-2.3374340154313,59.0263860250509,7.09
24,6,0.875,70,0.651958255976794,56.4140607220841,7.09
24,7,0.875,70,-1.17968267511316,45.5115674869579,7.09
24,8,0.875,70,-4.08617464552285,29.4639018852839,7.09
24,9,0.875,70,2.56679688286322,97.7450083820506,7.09
24,10,0.875,70,-0.869365783886295,33.5202634814484,7.09
24,11,0.875,70,-4.41463258992954,29.2449903848561,7.09
24,12,0.875,70,-2.7357013112897,15.2200059784837,7.09
24,13,0.875,70,5.75795072315411,99.9763626835203,7.09
24,14,0.875,70,-15.6237270372735,6.53639742059877,7.09
24,15,0.875,70,-4.12162298531567,11.8250684596943,7.09
24,16,0.875,70,-0.765138979731148,32.4560885859032,7.09
24,17,0.875,70,0.112610153157505,54.8711086043293,7.09
24,18,0.875,70,-1.4772696639003,75.7969363915586,7.09
24,19,0.875,70,-2.26621561751128,37.1960636202837,7.09
24,20,0.875,70,1.20789407651944,71.3366634643595,7.09
25,1,3,70,3.6308606946875,72.7446690709954,6.63
25,2,3,70,5.63786354328411,99.9990077777115,6.63
25,3,3,70,-0.0603701978220386,30.9862654777438,6.63
25,4,3,70,-1.93325682228271,30.7250671043151,6.63
25,5,3,70,-4.22848567967036,31.3514696800215,6.63
25,6,3,70,6.11784576954844,97.3095616656207,6.63
25,7,3,70,2.19772273575383,59.2529434714049,6.63
25,8,3,70,-4.08617464552285,29.4639018852839,6.63
25,9,3,70,4.47780061253479,77.9338574034959,6.63
25,10,3,70,5.3692281626986,98.3018729354089,6.63
25,11,3,70,-4.41463258992954,29.2449903848561,6.63
25,12,3,70,-2.7357013112897,15.2200059784837,6.63
25,13,3,70,5.75795072315411,99.9763626835203,6.63
25,14,3,70,-15.6237270372735,6.53639742059877,6.63
25,15,3,70,3.57565197209424,76.5633442748955,6.63
25,16,3,70,1.83577865267186,53.3840778027568,6.63
25,17,3,70,-1.9229662903581,31.7367187557557,6.63
25,18,3,70,0.56064973311814,30.9817040824806,6.63
25,19,3,70,-1.52792455935757,20.5223196007991,6.63
25,20,3,70,-2.11623879565059,31.5410053718541,6.63
